Date,Nippon India Large Cap,HDFC Flexi Cap,Nifty 50 TRI,NIfty 500 TRI
1/1/18,34.6,675.4,14252.0,13813.8
1/2/18,34.5,672.0,14261.1,13789.4
1/3/18,34.6,675.0,14262.5,13820.9
1/4/18,35.0,683.6,14346.6,13918.1
1/5/18,35.2,685.6,14420.4,14017.2
1/6/18,35.2,685.6,14420.4,14017.2
1/7/18,35.2,685.6,14420.4,14017.2
1/8/18,35.4,690.2,14508.8,14113.6
1/9/18,35.3,689.4,14527.2,14115.8
1/10/18,35.2,688.9,14520.6,14100.9
1/11/18,35.3,690.5,14546.5,14129.8
1/12/18,35.3,692.2,14587.5,14151.6
1/13/18,35.3,692.2,14587.5,14151.6
1/14/18,35.3,692.2,14587.5,14151.6
1/15/18,35.4,695.2,14669.9,14202.3
1/16/18,35.3,689.8,14613.8,14074.5
1/17/18,35.7,700.1,14734.1,14182.9
1/18/18,35.6,694.4,14774.7,14125.8
1/19/18,35.9,701.1,14880.8,14237.5
1/20/18,35.9,701.1,14880.8,14237.5
1/21/18,35.9,701.1,14880.8,14237.5
1/22/18,36.0,704.5,14979.7,14332.4
1/23/18,36.4,715.6,15140.2,14464.0
1/24/18,36.4,715.6,15143.3,14430.0
1/25/18,36.2,709.2,15121.0,14365.8
1/26/18,36.2,709.2,15121.0,14365.8
1/27/18,36.2,709.2,15121.0,14365.8
1/28/18,36.2,709.2,15121.0,14365.8
1/29/18,36.1,706.4,15204.4,14380.0
1/30/18,35.9,704.0,15095.4,14268.9
1/31/18,35.7,699.6,15065.8,14203.1
2/1/18,35.7,695.8,15052.7,14188.3
2/2/18,34.8,675.9,14702.5,13782.4
2/3/18,34.8,675.9,14702.5,13782.4
2/4/18,34.8,675.9,14702.5,13782.4
2/5/18,34.7,670.2,14574.0,13686.6
2/6/18,34.1,659.3,14344.0,13461.6
2/7/18,34.1,660.6,14317.6,13486.6
2/8/18,34.7,670.9,14463.2,13662.7
2/9/18,34.4,665.8,14296.5,13558.0
2/10/18,34.4,665.8,14296.5,13558.0
2/11/18,34.4,665.8,14296.5,13558.0
2/12/18,34.6,672.1,14412.5,13700.7
2/13/18,34.6,672.1,14412.5,13700.7
2/14/18,34.4,666.1,14359.3,13668.9
2/15/18,34.4,664.3,14422.8,13668.4
2/16/18,34.1,656.2,14295.4,13540.5
2/17/18,34.1,656.2,14295.4,13540.5
2/18/18,34.1,656.2,14295.4,13540.5
2/19/18,33.7,648.6,14194.3,13429.6
2/20/18,33.6,647.9,14169.8,13417.2
2/21/18,33.7,649.6,14220.5,13442.3
2/22/18,33.6,647.4,14204.2,13402.1
2/23/18,34.0,655.5,14352.4,13567.6
2/24/18,34.0,655.5,14352.4,13567.6
2/25/18,34.0,655.5,14352.4,13567.6
2/26/18,34.3,659.7,14477.6,13686.8
2/27/18,34.2,654.8,14438.9,13642.2
2/28/18,34.0,653.6,14358.7,13585.5
3/1/18,33.9,646.5,14311.5,13531.8
3/2/18,33.9,646.5,14311.5,13531.8
3/3/18,33.9,646.5,14311.5,13531.8
3/4/18,33.9,646.5,14311.5,13531.8
3/5/18,33.5,640.5,14175.3,13400.9
3/6/18,33.2,630.7,14025.3,13260.1
3/7/18,32.8,619.9,13895.3,13109.1
3/8/18,33.1,628.0,14016.3,13202.8
3/9/18,32.9,624.7,13994.7,13181.8
3/10/18,32.9,624.7,13994.7,13181.8
3/11/18,32.9,624.7,13994.7,13181.8
3/12/18,33.4,631.9,14260.9,13380.3
3/13/18,33.6,635.9,14270.6,13434.8
3/14/18,33.5,637.5,14248.8,13425.5
3/15/18,33.4,634.3,14179.4,13399.6
3/16/18,32.9,627.2,13961.1,13214.5
3/17/18,32.9,627.2,13961.1,13214.5
3/18/18,32.9,627.2,13961.1,13214.5
3/19/18,32.5,619.0,13823.0,13052.8
3/20/18,32.6,620.4,13878.2,13100.2
3/21/18,32.6,621.0,13920.5,13142.3
3/22/18,32.3,615.6,13867.0,13077.5
3/23/18,31.9,605.9,13707.0,12926.3
3/24/18,31.9,605.9,13707.0,12926.3
3/25/18,31.9,605.9,13707.0,12926.3
3/26/18,32.4,617.6,13888.8,13093.2
3/27/18,32.7,623.5,13962.2,13187.9
3/28/18,32.5,616.4,13865.6,13091.0
3/29/18,32.5,616.4,13865.6,13091.0
3/30/18,32.5,616.4,13865.6,13091.0
3/31/18,32.5,616.4,13865.6,13091.0
4/1/18,32.5,616.4,13865.6,13091.0
4/2/18,32.8,620.1,14000.1,13254.7
4/3/18,33.1,626.8,14045.5,13330.0
4/4/18,32.7,618.4,13885.7,13184.3
4/5/18,33.3,632.7,14155.5,13435.2
4/6/18,33.4,635.0,14164.3,13473.3
4/7/18,33.4,635.0,14164.3,13473.3
4/8/18,33.4,635.0,14164.3,13473.3
4/9/18,33.5,636.9,14229.8,13521.9
4/10/18,33.6,641.5,14261.2,13542.4
4/11/18,33.5,639.8,14281.6,13559.6
4/12/18,33.5,641.3,14338.5,13583.7
4/13/18,33.5,642.5,14368.6,13613.7
4/14/18,33.5,642.5,14368.6,13613.7
4/15/18,33.5,642.5,14368.6,13613.7
4/16/18,33.6,643.5,14434.0,13677.8
4/17/18,33.7,644.7,14462.0,13705.7
4/18/18,33.6,642.8,14431.1,13678.3
4/19/18,33.7,646.8,14484.7,13744.0
4/20/18,33.7,643.0,14483.0,13731.2
4/21/18,33.7,643.0,14483.0,13731.2
4/22/18,33.7,643.0,14483.0,13731.2
4/23/18,33.9,643.4,14511.3,13731.2
4/24/18,33.9,642.6,14552.0,13794.1
4/25/18,33.8,637.2,14491.9,13735.0
4/26/18,33.7,637.1,14556.7,13781.3
4/27/18,34.1,645.9,14658.8,13872.8
4/28/18,34.1,645.9,14658.8,13872.8
4/29/18,34.1,645.9,14658.8,13872.8
4/30/18,34.4,650.3,14723.3,13950.4
5/1/18,34.4,650.3,14723.3,13950.4
5/2/18,34.2,644.2,14695.3,13874.8
5/3/18,34.1,641.9,14642.6,13792.8
5/4/18,33.8,639.2,14558.4,13721.0
5/5/18,33.8,639.2,14558.4,13721.0
5/6/18,33.8,639.2,14558.4,13721.0
5/7/18,34.2,646.9,14691.7,13837.1
5/8/18,34.2,650.6,14694.9,13838.7
5/9/18,34.2,649.6,14728.0,13837.5
5/10/18,34.0,644.7,14693.5,13752.5
5/11/18,34.1,649.9,14816.9,13833.9
5/12/18,34.1,649.9,14816.9,13833.9
5/13/18,34.1,649.9,14816.9,13833.9
5/14/18,34.0,650.1,14817.0,13795.0
5/15/18,33.7,646.8,14810.5,13760.2
5/16/18,33.5,639.1,14727.3,13705.5
5/17/18,33.5,635.3,14647.2,13670.1
5/18/18,33.1,624.4,14528.8,13530.2
5/21/18,32.7,622.2,14419.6,13382.6
5/22/18,33.0,626.8,14447.0,13436.9
5/23/18,32.7,624.4,14301.2,13325.6
5/24/18,32.9,630.7,14415.7,13392.9
5/25/18,33.2,635.8,14556.2,13549.4
5/28/18,33.6,644.8,14670.8,13684.6
5/29/18,33.5,638.7,14594.8,13630.7
5/30/18,33.5,636.9,14568.8,13607.8
5/31/18,33.6,639.2,14750.3,13705.6
6/1/18,33.4,633.1,14695.4,13617.2
6/4/18,33.1,626.5,14604.1,13501.5
6/5/18,32.9,621.2,14555.5,13405.3
6/6/18,33.4,628.5,14681.3,13545.7
6/7/18,33.7,635.7,14796.2,13684.5
6/8/18,33.8,637.6,14795.3,13708.4
6/11/18,33.9,637.6,14821.8,13732.2
6/12/18,34.1,642.3,14898.7,13811.7
6/13/18,34.1,644.1,14917.7,13811.8
6/14/18,34.0,640.0,14872.0,13781.2
6/15/18,33.9,637.9,14885.3,13762.1
6/18/18,33.9,637.0,14860.7,13725.3
6/19/18,33.6,629.6,14737.7,13601.8
6/20/18,33.7,631.8,14822.5,13663.8
6/21/18,33.5,629.0,14782.9,13612.8
6/22/18,33.8,632.4,14894.0,13695.9
6/25/18,33.5,625.0,14812.3,13604.2
6/26/18,33.5,623.5,14821.5,13600.4
6/27/18,33.0,612.8,14694.2,13453.8
6/28/18,32.6,606.3,14581.5,13318.4
6/29/18,33.1,617.9,14753.9,13503.3
7/2/18,32.9,616.1,14675.4,13424.5
7/3/18,33.1,617.0,14734.1,13484.3
7/4/18,33.2,617.4,14830.5,13551.8
7/5/18,33.1,613.4,14808.5,13514.8
7/6/18,33.2,616.1,14840.1,13556.8
7/9/18,33.5,623.1,14951.2,13681.0
7/10/18,33.8,629.1,15081.6,13801.5
7/11/18,33.6,624.7,15085.2,13780.8
7/12/18,33.7,627.2,15190.8,13837.4
7/13/18,33.5,623.3,15184.9,13791.0
7/16/18,32.9,613.6,15072.7,13618.7
7/17/18,33.3,622.7,15172.3,13743.7
7/18/18,33.2,618.0,15135.6,13677.7
7/19/18,33.0,616.1,15116.8,13638.2
7/20/18,33.2,621.2,15190.1,13712.2
7/23/18,33.6,628.9,15293.5,13827.9
7/24/18,34.1,637.1,15361.9,13955.9
7/25/18,34.1,637.2,15358.7,13955.6
7/26/18,34.4,646.0,15410.9,14015.0
7/27/18,34.9,653.6,15564.2,14150.3
7/30/18,35.1,662.1,15621.5,14209.5
7/31/18,35.1,662.0,15672.5,14257.0
8/1/18,35.1,660.7,15658.3,14258.9
8/2/18,35.0,657.5,15520.3,14168.7
8/3/18,35.4,666.2,15680.5,14312.1
8/6/18,35.5,670.9,15716.8,14348.0
8/7/18,35.4,667.5,15720.0,14341.3
8/8/18,35.5,669.6,15803.6,14400.7
8/9/18,35.7,677.5,15833.2,14438.0
8/10/18,35.4,670.3,15776.3,14372.1
8/13/18,35.1,664.3,15676.2,14272.7
8/14/18,35.4,669.2,15796.4,14382.5
8/16/18,35.3,668.8,15727.3,14322.6
8/17/18,35.7,675.9,15845.6,14447.6
8/20/18,36.2,681.1,15959.0,14552.0
8/21/18,36.3,682.8,15985.5,14585.8
8/23/18,36.3,684.1,16001.8,14601.3
8/24/18,36.2,681.8,15969.8,14571.4
8/27/18,36.6,692.6,16156.1,14731.2
8/28/18,36.5,691.8,16220.5,14771.3
8/29/18,36.7,692.3,16156.0,14753.4
8/30/18,36.8,694.9,16135.6,14756.0
8/31/18,37.0,696.9,16143.5,14783.0
9/3/18,36.7,690.7,16007.8,14678.8
9/4/18,36.2,681.9,15922.1,14507.9
9/5/18,36.2,680.9,15862.2,14446.5
9/6/18,36.5,686.2,15947.7,14524.3
9/7/18,36.9,690.2,16019.8,14612.8
9/10/18,36.5,683.5,15813.3,14414.4
9/11/18,36.0,673.9,15605.1,14218.5
9/12/18,36.2,676.3,15719.6,14299.6
9/14/18,36.6,684.5,15920.5,14495.4
9/17/18,36.2,680.3,15731.3,14353.6
9/18/18,35.6,666.2,15594.6,14202.8
9/19/18,35.6,665.5,15534.3,14132.4
9/21/18,35.4,659.5,15408.2,13954.5
9/24/18,34.6,650.4,15165.2,13684.5
9/25/18,34.9,654.4,15303.5,13773.7
9/26/18,34.9,654.2,15284.7,13772.1
9/27/18,34.5,648.4,15179.2,13624.1
9/28/18,34.2,642.3,15114.1,13496.3
10/1/18,34.4,650.2,15221.8,13569.6
10/3/18,34.1,643.4,15014.2,13408.5
10/4/18,33.6,634.3,14656.1,13109.7
10/5/18,32.6,616.9,14265.1,12769.3
10/8/18,32.4,616.1,14308.8,12736.2
10/9/18,32.2,613.0,14243.8,12677.5
10/10/18,33.0,626.9,14463.7,12952.2
10/11/18,32.3,611.1,14152.0,12681.4
10/12/18,32.9,622.8,14480.9,12979.8
10/15/18,33.0,626.4,14536.2,13046.2
10/16/18,33.3,633.2,14636.1,13167.3
10/17/18,32.7,623.2,14453.9,12967.2
10/19/18,32.5,618.1,14247.2,12792.5
10/22/18,32.4,616.6,14166.6,12698.2
10/23/18,32.0,609.5,14032.0,12570.3
10/24/18,32.4,611.1,14139.8,12667.7
10/25/18,32.1,604.6,14014.3,12553.9
10/26/18,32.0,601.0,13883.0,12470.6
10/29/18,33.1,627.6,14189.1,12756.7
10/30/18,33.1,628.6,14116.9,12742.6
10/31/18,33.8,640.6,14377.4,12969.6
11/1/18,34.0,642.1,14371.1,12999.4
11/2/18,34.4,647.1,14610.0,13187.4
11/5/18,34.3,646.1,14571.0,13156.9
11/6/18,34.1,644.6,14579.3,13145.6
11/7/18,34.1,644.6,14674.0,13239.3
11/9/18,34.4,647.4,14655.7,13258.7
11/12/18,33.9,640.8,14513.1,13130.0
11/13/18,34.2,646.7,14652.0,13225.8
11/14/18,34.2,647.6,14643.4,13222.8
11/15/18,34.5,650.5,14699.3,13273.5
11/16/18,34.6,652.2,14790.0,13330.7
11/19/18,34.7,654.2,14902.4,13419.0
11/20/18,34.4,646.8,14754.0,13282.2
11/21/18,34.5,644.3,14676.3,13252.8
11/22/18,34.2,639.1,14574.8,13161.8
11/26/18,34.4,642.8,14715.8,13256.8
11/27/18,34.5,647.2,14794.7,13317.4
11/28/18,34.3,645.6,14854.6,13331.3
11/29/18,34.6,648.3,15034.4,13462.6
11/30/18,34.6,646.7,15059.4,13503.1
12/3/18,34.6,650.9,15069.1,13529.4
12/4/18,34.7,652.1,15049.3,13514.0
12/5/18,34.2,643.4,14929.4,13385.0
12/6/18,33.7,633.6,14677.8,13168.2
12/7/18,33.8,636.5,14805.9,13253.3
12/10/18,33.4,625.9,14521.7,12999.7
12/11/18,33.7,630.8,14605.8,13111.8
12/12/18,34.4,641.8,14866.7,13373.4
12/13/18,34.5,645.8,14941.4,13455.9
12/14/18,34.6,648.7,14960.6,13476.7
12/17/18,34.8,653.5,15075.5,13569.6
12/18/18,34.9,656.5,15103.6,13604.3
12/19/18,35.3,661.8,15184.8,13707.2
12/20/18,35.2,660.3,15163.1,13688.9
12/21/18,34.7,650.5,14894.4,13466.9
12/24/18,34.5,647.8,14769.1,13348.1
12/26/18,34.6,650.7,14861.0,13406.2
12/27/18,34.7,653.1,14930.2,13461.2
12/28/18,35.0,659.3,15045.3,13573.2
12/31/18,35.1,660.8,15049.0,13599.1
1/1/19,35.3,665.4,15114.9,13640.5
1/2/19,34.9,657.8,14952.0,13500.3
1/3/19,34.5,651.9,14785.4,13368.9
1/4/19,34.8,656.3,14861.7,13428.4
1/7/19,34.9,658.8,14923.3,13467.4
1/8/19,35.1,664.7,14965.3,13493.3
1/9/19,35.2,666.2,15038.7,13536.0
1/10/19,35.3,666.7,14992.2,13524.0
1/11/19,35.2,665.0,14955.3,13492.6
1/14/19,35.1,660.8,14875.9,13423.3
1/15/19,35.4,667.5,15082.6,13580.0
1/16/19,35.4,669.7,15087.4,13582.4
1/17/19,35.3,668.2,15109.5,13587.5
1/18/19,34.9,664.9,15112.0,13555.8
1/21/19,34.9,665.2,15188.0,13578.4
1/22/19,34.9,660.9,15133.8,13542.5
1/23/19,34.7,655.3,15007.4,13450.2
1/24/19,34.5,656.4,15038.1,13458.5
1/25/19,34.4,653.4,14942.1,13343.0
1/28/19,33.8,645.0,14777.1,13168.6
1/29/19,34.0,645.5,14764.6,13167.5
1/30/19,34.3,651.9,14764.0,13181.2
1/31/19,34.9,661.1,15012.3,13357.8
2/1/19,34.8,656.9,15099.2,13435.7
2/4/19,34.6,652.6,15125.0,13414.6
2/5/19,34.5,650.4,15156.0,13402.6
2/6/19,34.9,658.5,15337.8,13531.6
2/7/19,35.0,658.9,15347.4,13572.0
2/8/19,34.4,648.7,15173.0,13410.6
2/11/19,34.1,643.5,15100.6,13309.4
2/12/19,34.1,640.3,15023.0,13249.1
2/13/19,33.8,632.8,14970.6,13193.8
2/14/19,33.7,631.2,14906.3,13167.4
2/15/19,33.5,631.6,14876.3,13105.5
2/18/19,33.2,626.5,14760.5,12998.0
2/19/19,33.4,628.1,14709.8,12980.1
2/20/19,33.8,637.3,14891.6,13133.5
2/21/19,34.0,640.6,14970.1,13218.9
2/22/19,34.2,643.1,14972.6,13245.7
2/25/19,34.4,647.2,15095.3,13340.9
2/26/19,34.3,642.6,15033.2,13295.3
2/27/19,34.3,643.7,14993.5,13285.2
2/28/19,34.3,647.1,14979.4,13303.2
3/1/19,34.7,655.1,15077.9,13424.3
3/5/19,35.4,664.8,15250.0,13626.7
3/6/19,35.5,670.1,15340.9,13711.1
3/7/19,35.6,671.5,15348.1,13703.6
3/8/19,35.5,669.4,15316.5,13682.4
3/11/19,36.0,678.7,15500.6,13882.2
3/12/19,36.4,685.8,15685.4,14023.7
3/13/19,36.5,687.6,15742.9,14038.4
3/14/19,36.5,688.3,15749.7,14036.9
3/15/19,36.7,695.5,15867.7,14115.7
3/18/19,36.8,698.5,15916.8,14141.4
3/19/19,37.0,704.8,16014.3,14221.0
3/20/19,36.9,702.3,15998.5,14195.7
3/22/19,36.7,698.6,15912.9,14120.2
3/25/19,36.4,695.0,15770.3,13988.7
3/26/19,36.8,703.6,15949.5,14138.8
3/27/19,36.7,703.1,15897.7,14123.7
3/28/19,37.2,712.5,16071.3,14272.8
3/29/19,37.5,716.1,16146.1,14364.6
3/31/19,37.5,716.1,16146.1,14364.6
4/1/19,37.7,718.7,16208.9,14421.5
4/2/19,37.9,721.2,16270.1,14449.5
4/3/19,37.4,712.8,16173.9,14356.8
4/4/19,37.3,710.1,16110.1,14309.6
4/5/19,37.5,712.5,16204.5,14396.5
4/8/19,37.2,708.5,16119.1,14321.3
4/9/19,37.5,713.4,16212.8,14385.8
4/10/19,37.4,708.4,16091.1,14304.3
4/11/19,37.4,708.0,16108.3,14321.8
4/12/19,37.7,712.5,16173.3,14381.4
4/15/19,37.8,713.2,16238.4,14443.7
4/16/19,37.9,716.5,16372.9,14540.1
4/18/19,37.7,711.1,16325.1,14476.6
4/22/19,37.2,701.8,16105.2,14270.2
4/23/19,37.1,700.3,16079.5,14251.6
4/24/19,37.5,707.9,16288.2,14400.6
4/25/19,37.2,702.1,16171.0,14313.5
4/26/19,37.6,710.5,16327.7,14404.1
4/30/19,37.6,709.0,16318.7,14366.3
5/2/19,37.3,704.2,16286.2,14326.5
5/3/19,37.4,704.6,16268.8,14307.2
5/6/19,37.1,701.1,16110.4,14170.4
5/7/19,36.7,692.6,15974.4,14051.1
5/8/19,36.3,684.4,15782.1,13886.8
5/9/19,36.1,680.5,15702.0,13827.0
5/10/19,36.1,681.6,15670.2,13813.0
5/13/19,35.4,669.6,15488.6,13619.3
5/14/19,35.8,677.2,15591.2,13697.2
5/15/19,35.6,672.0,15500.8,13619.5
5/16/19,35.9,680.2,15640.2,13711.2
5/17/19,36.2,684.7,15848.7,13871.9
5/20/19,37.8,714.9,16433.8,14380.8
5/21/19,37.3,706.0,16268.3,14242.5
5/22/19,37.4,709.9,16325.3,14281.9
5/23/19,37.3,709.3,16212.8,14214.3
5/24/19,38.4,727.3,16472.9,14466.4
5/27/19,39.1,738.3,16585.1,14589.9
5/28/19,39.0,738.0,16591.7,14606.3
5/29/19,38.5,730.0,16497.6,14519.5
5/30/19,38.7,736.0,16615.6,14606.3
5/31/19,38.6,732.8,16583.5,14591.0
6/3/19,38.8,739.0,16815.3,14766.7
6/4/19,38.6,737.8,16728.7,14702.4
6/6/19,37.7,722.8,16481.1,14475.2
6/7/19,37.8,724.1,16518.6,14495.1
6/10/19,37.8,724.9,16591.0,14539.8
6/11/19,38.0,729.8,16650.8,14598.2
6/12/19,37.8,726.3,16568.1,14516.2
6/13/19,37.8,727.3,16594.0,14521.4
6/14/19,37.5,724.0,16467.6,14406.5
6/17/19,36.9,714.2,16257.1,14218.3
6/18/19,37.0,719.5,16284.0,14229.8
6/19/19,36.9,718.6,16283.9,14192.8
6/20/19,37.5,729.5,16493.7,14380.3
6/21/19,37.3,725.4,16343.6,14284.2
6/24/19,37.3,726.0,16309.5,14258.2
6/25/19,37.6,733.4,16444.5,14360.6
6/26/19,37.9,738.9,16515.7,14435.1
6/27/19,38.1,738.3,16507.3,14449.6
6/28/19,38.0,736.8,16433.8,14398.8
7/1/19,38.1,737.0,16540.9,14481.1
7/2/19,38.1,739.1,16603.2,14528.7
7/3/19,38.3,740.7,16612.2,14547.5
7/4/19,38.4,741.9,16658.0,14579.2
7/5/19,37.9,732.5,16469.0,14401.5
7/8/19,37.0,712.4,16118.3,14090.1
7/9/19,37.2,713.2,16114.5,14102.2
7/10/19,36.9,708.4,16035.4,14019.8
7/11/19,37.2,713.1,16155.8,14122.3
7/12/19,37.2,711.9,16113.8,14109.7
7/15/19,37.1,711.3,16165.3,14128.3
7/16/19,37.4,717.7,16272.1,14221.0
7/17/19,37.5,719.5,16306.8,14242.0
7/18/19,37.0,709.0,16183.2,14115.0
7/19/19,36.4,701.0,15945.5,13896.1
7/22/19,36.3,699.5,15845.7,13813.0
7/23/19,36.2,697.0,15824.5,13793.2
7/24/19,35.8,690.2,15749.4,13689.2
7/25/19,35.8,688.9,15725.6,13690.1
7/26/19,36.0,689.1,15770.6,13740.3
7/29/19,35.6,685.4,15638.4,13616.3
7/30/19,35.0,675.9,15493.3,13459.9
7/31/19,35.3,680.8,15539.4,13522.1
8/1/19,34.6,669.3,15350.8,13362.1
8/2/19,34.5,665.6,15382.7,13379.2
8/5/19,34.0,655.7,15194.3,13212.0
8/6/19,34.4,661.9,15314.0,13341.7
8/7/19,33.8,652.9,15184.3,13246.3
8/8/19,34.3,662.8,15434.7,13436.2
8/9/19,34.4,664.2,15542.7,13536.4
8/13/19,33.6,651.9,15289.3,13304.8
8/14/19,34.0,661.5,15438.9,13429.6
8/16/19,34.1,664.7,15464.6,13456.7
8/19/19,34.1,665.0,15476.1,13473.8
8/20/19,33.9,659.5,15425.5,13414.2
8/21/19,33.4,649.6,15290.8,13277.0
8/22/19,32.8,636.6,15045.6,13061.9
8/23/19,33.0,642.7,15168.9,13168.8
8/26/19,33.7,655.0,15489.0,13429.7
8/27/19,34.0,661.7,15555.4,13516.0
8/28/19,33.7,656.7,15472.4,13439.1
8/29/19,33.4,651.3,15335.5,13342.2
8/30/19,33.6,655.5,15440.5,13449.3
9/3/19,33.0,640.9,15124.8,13186.8
9/4/19,33.2,648.1,15190.3,13232.9
9/5/19,33.4,651.6,15194.9,13252.8
9/6/19,33.6,658.5,15332.6,13364.0
9/9/19,33.9,662.2,15412.1,13442.0
9/11/19,34.2,665.2,15457.9,13506.7
9/12/19,34.1,664.0,15383.8,13457.6
9/13/19,34.4,671.1,15514.2,13561.5
9/16/19,34.2,665.1,15412.8,13499.1
9/17/19,33.4,651.3,15152.4,13266.6
9/18/19,33.5,654.3,15184.7,13302.4
9/19/19,33.1,644.2,14994.4,13136.2
9/20/19,35.1,673.7,15792.0,13831.7
9/23/19,36.6,692.2,16248.6,14215.4
9/24/19,36.3,688.6,16231.8,14197.7
9/25/19,35.5,676.7,16024.5,14002.0
9/26/19,36.1,686.7,16208.0,14151.3
9/27/19,35.9,681.4,16125.7,14079.1
9/30/19,35.7,677.4,16072.5,13997.2
10/1/19,35.2,667.8,15912.0,13840.5
10/3/19,35.2,667.8,15847.7,13783.6
10/4/19,34.7,659.2,15652.7,13623.6
10/7/19,34.4,651.2,15584.9,13547.2
10/9/19,35.1,662.8,15846.8,13752.9
10/10/19,34.7,656.0,15736.4,13655.2
10/11/19,34.9,659.2,15835.2,13728.2
10/14/19,35.0,659.7,15885.7,13775.0
10/15/19,35.2,663.4,16007.8,13866.7
10/16/19,35.2,664.6,16057.8,13908.6
10/17/19,35.7,671.7,16245.3,14082.1
10/18/19,36.0,679.7,16351.2,14214.4
10/22/19,35.9,677.4,16248.1,14168.0
10/23/19,36.0,680.2,16282.8,14191.3
10/24/19,35.6,673.6,16252.6,14160.0
10/25/19,35.8,679.5,16254.5,14150.2
10/27/19,35.8,679.5,16254.5,14221.0
10/29/19,36.7,690.8,16539.2,14401.1
10/30/19,37.0,696.9,16620.1,14475.4
10/31/19,37.2,702.9,16667.3,14539.1
11/1/19,37.3,704.1,16685.7,14560.6
11/4/19,37.4,708.3,16756.9,14603.8
11/5/19,37.3,705.4,16723.1,14546.5
11/6/19,37.4,708.0,16791.6,14587.7
11/7/19,37.3,707.8,16856.2,14653.3
11/8/19,36.9,700.6,16710.4,14531.8
11/11/19,37.1,703.5,16717.8,14550.6
11/13/19,36.7,693.5,16615.4,14457.9
11/14/19,36.7,693.7,16659.8,14482.8
11/15/19,36.9,696.7,16692.5,14508.3
11/18/19,37.1,700.0,16677.1,14510.9
11/19/19,37.4,704.0,16755.2,14561.5
11/20/19,37.6,708.9,16838.0,14625.8
11/21/19,37.4,703.9,16794.9,14577.7
11/22/19,37.2,703.3,16719.1,14528.1
11/25/19,37.7,710.1,16942.7,14712.4
11/26/19,37.5,707.3,16892.2,14653.5
11/27/19,37.7,709.2,16980.5,14733.2
11/28/19,37.9,716.0,17051.3,14814.0
11/29/19,37.6,709.7,16917.9,14729.8
12/2/19,37.5,707.6,16906.9,14706.3
12/3/19,37.2,700.3,16831.1,14624.1
12/4/19,37.5,705.2,16899.9,14682.5
12/5/19,37.2,701.5,16865.0,14645.8
12/6/19,36.7,690.7,16729.1,14513.4
12/9/19,36.8,691.2,16751.5,14516.4
12/10/19,36.5,683.5,16638.9,14402.7
12/11/19,36.6,686.4,16713.8,14464.0
12/12/19,37.0,693.5,16800.4,14546.4
12/13/19,37.5,703.8,16961.6,14685.2
12/16/19,37.4,700.9,16915.7,14639.3
12/17/19,37.8,707.7,17071.5,14756.8
12/18/19,37.8,706.6,17150.9,14806.7
12/19/19,37.8,707.1,17205.1,14848.8
12/20/19,38.0,710.6,17222.1,14868.4
12/23/19,37.9,707.9,17209.4,14856.9
12/24/19,37.8,705.6,17141.8,14813.0
12/26/19,37.5,701.1,17018.3,14736.2
12/27/19,38.1,712.2,17185.7,14873.5
12/30/19,38.1,711.1,17199.7,14897.5
12/31/19,38.0,709.9,17077.1,14819.3
1/1/20,38.0,712.8,17096.8,14843.3
1/2/20,38.4,720.3,17236.7,14980.5
1/3/20,38.3,716.1,17158.8,14923.0
1/6/20,37.4,699.2,16830.9,14631.4
1/7/20,37.5,701.9,16915.0,14718.5
1/8/20,37.4,698.4,16876.2,14698.7
1/9/20,38.1,710.8,17143.7,14926.5
1/10/20,38.2,714.5,17201.1,14977.6
1/13/20,38.4,720.3,17303.2,15074.4
1/14/20,38.6,721.8,17349.1,15124.5
1/15/20,38.5,721.6,17322.5,15141.3
1/16/20,38.5,719.6,17339.6,15175.8
1/17/20,38.5,718.1,17335.2,15188.8
1/20/20,38.3,710.5,17155.8,15049.2
1/21/20,38.1,705.5,17079.1,14992.0
1/22/20,37.9,702.4,16990.7,14931.1
1/23/20,38.3,710.4,17095.6,15043.9
1/24/20,38.5,715.3,17192.2,15138.2
1/27/20,38.1,708.4,17010.7,15011.9
1/28/20,37.9,703.0,16922.0,14947.9
1/29/20,38.2,707.8,17025.5,15026.5
1/30/20,37.9,701.6,16893.9,14891.3
1/31/20,37.6,696.5,16790.4,14804.6
2/1/20,37.6,696.5,16790.4,14421.1
2/3/20,36.4,673.1,16433.7,14488.2
2/4/20,37.2,689.0,16815.1,14792.2
2/5/20,37.9,698.2,16968.8,14940.0
2/6/20,38.2,703.0,17037.3,15019.9
2/7/20,38.2,703.6,16981.8,15015.0
2/10/20,37.8,696.6,16887.9,14932.3
2/11/20,38.2,701.2,16995.1,14994.8
2/12/20,38.1,702.2,17126.1,15070.2
2/13/20,38.1,700.0,17088.8,15041.9
2/14/20,37.8,693.5,17002.9,14957.0
2/17/20,37.5,685.9,16911.9,14855.2
2/18/20,37.4,686.7,16837.1,14789.3
2/19/20,37.7,696.5,17024.4,14977.0
2/20/20,37.8,698.5,16961.2,14959.3
2/24/20,37.0,681.9,16608.1,14659.1
2/25/20,36.9,679.7,16563.9,14609.3
2/26/20,36.5,671.8,16396.2,14456.1
2/27/20,36.2,667.3,16332.8,14391.1
2/28/20,35.0,641.3,15726.9,13875.3
3/2/20,34.5,633.1,15632.1,13790.7
3/3/20,35.1,645.3,15879.0,14014.7
3/4/20,34.7,641.2,15805.5,13916.0
3/5/20,34.8,641.1,15833.2,13950.6
3/6/20,33.9,621.2,15440.5,13620.1
3/9/20,32.4,590.5,14684.6,12976.1
3/11/20,32.0,584.9,14694.3,12956.3
3/12/20,29.1,527.2,13474.4,11879.7
3/13/20,30.6,557.0,13987.3,12273.3
3/16/20,28.5,515.9,12928.2,11418.5
3/17/20,27.9,504.3,12604.4,11157.0
3/18/20,26.7,485.9,11904.0,10545.4
3/19/20,25.9,471.0,11620.9,10243.9
3/20/20,27.0,490.8,12298.7,10775.0
3/23/20,23.5,431.5,10710.4,9401.0
3/24/20,23.8,438.3,10983.2,9588.0
3/25/20,24.8,456.6,11710.7,10128.1
3/26/20,25.8,471.4,12167.2,10535.7
3/27/20,25.7,477.3,12193.6,10550.2
3/30/20,24.7,463.5,11659.8,10167.5
3/31/20,25.8,483.8,12105.7,10540.4
4/1/20,24.8,466.8,11621.3,10186.7
4/3/20,24.4,461.0,11382.0,10000.9
4/7/20,26.1,491.3,12379.4,10770.0
4/8/20,26.2,489.9,12318.3,10788.8
4/9/20,27.2,508.1,12829.6,11211.0
4/13/20,27.1,509.0,12663.3,11088.5
4/15/20,27.2,508.6,12566.8,11064.3
4/16/20,27.5,518.8,12661.8,11166.7
4/17/20,28.3,535.1,13047.6,11471.1
4/20/20,28.3,532.0,13040.7,11471.4
4/21/20,27.4,517.8,12645.9,11141.9
4/22/20,27.6,523.5,12935.7,11349.7
4/23/20,27.7,526.9,13114.0,11487.6
4/24/20,27.2,518.7,12889.4,11289.0
4/27/20,27.5,523.6,13069.5,11455.4
4/28/20,27.6,525.8,13208.3,11558.7
4/29/20,28.1,535.9,13452.5,11747.4
4/30/20,29.1,549.7,13884.2,12072.4
5/1/20,29.1,549.7,13884.2,12072.4
5/4/20,27.5,521.7,13086.6,11445.7
5/5/20,27.2,516.6,12964.0,11335.1
5/6/20,27.2,517.8,13056.0,11414.2
5/7/20,26.9,512.3,12954.8,11331.9
5/8/20,26.7,508.3,13028.6,11378.8
5/11/20,26.7,506.5,13011.3,11385.4
5/12/20,26.8,507.8,12951.3,11331.9
5/13/20,27.4,522.6,13214.6,11551.5
5/14/20,26.8,510.3,12875.5,11321.9
5/15/20,26.8,508.6,12867.2,11306.1
5/18/20,25.7,489.1,12425.6,10916.2
5/19/20,25.8,489.0,12504.2,10975.8
5/20/20,26.3,499.4,12768.2,11190.3
5/21/20,26.6,502.1,12824.1,11256.2
5/22/20,26.3,496.9,12729.7,11173.9
5/25/20,26.3,496.9,12729.7,11173.9
5/26/20,26.2,498.5,12715.4,11186.7
5/27/20,26.9,513.5,13118.0,11444.5
5/28/20,27.4,521.3,13364.7,11650.4
5/29/20,27.8,528.5,13503.5,11793.5
6/1/20,28.6,540.7,13850.0,12092.0
6/2/20,28.8,545.6,14065.6,12269.0
6/3/20,29.0,549.9,14184.0,12369.2
6/4/20,29.1,550.9,14138.2,12343.4
6/5/20,29.9,565.6,14297.5,12514.4
6/8/20,30.2,568.5,14333.2,12551.5
6/9/20,29.8,560.8,14162.9,12422.1
6/10/20,29.8,564.2,14260.9,12505.4
6/11/20,29.1,551.3,13959.7,12270.1
6/12/20,29.2,553.3,14059.7,12359.8
6/15/20,28.7,543.4,13835.3,12194.0
6/16/20,28.7,545.0,13976.6,12293.2
6/17/20,28.7,542.8,13930.3,12275.4
6/18/20,29.3,555.5,14227.1,12491.6
6/19/20,29.8,563.0,14445.9,12674.4
6/22/20,30.3,573.2,14540.1,12799.6
6/23/20,30.7,584.7,14765.4,13002.9
6/24/20,30.1,572.3,14531.7,12814.6
6/25/20,30.1,573.3,14508.6,12820.1
6/26/20,30.4,576.7,14641.3,12909.6
6/29/20,29.8,567.1,14541.8,12803.3
6/30/20,29.8,565.4,14527.2,12783.5
7/1/20,30.2,572.2,14707.6,12904.1
7/2/20,30.4,576.6,14886.1,13050.9
7/3/20,30.6,579.6,14964.6,13124.0
7/6/20,31.0,587.5,15185.8,13304.7
7/7/20,31.1,585.6,15236.6,13357.0
7/8/20,30.9,583.9,15104.1,13258.5
7/9/20,31.1,587.9,15268.2,13366.7
7/10/20,30.9,583.1,15204.1,13310.0
7/13/20,31.0,582.8,15254.1,13341.3
7/14/20,30.5,570.1,14978.2,13129.1
7/15/20,30.4,569.5,14993.5,13124.9
7/16/20,30.7,575.4,15168.0,13243.1
7/17/20,31.3,586.8,15396.4,13438.0
7/20/20,31.5,589.2,15566.6,13573.8
7/21/20,31.9,599.7,15764.4,13703.0
7/22/20,31.9,599.8,15722.5,13666.9
7/23/20,32.2,605.0,15841.5,13770.1
7/24/20,32.0,599.4,15811.4,13727.7
7/27/20,31.7,590.5,15723.4,13635.5
7/28/20,31.9,594.4,15961.7,13812.2
7/29/20,31.8,595.4,15824.2,13743.5
7/30/20,31.3,588.0,15685.9,13648.7
7/31/20,31.4,591.5,15645.3,13654.8
8/3/20,31.2,588.3,15389.0,13499.0
8/4/20,31.5,593.6,15676.7,13715.1
8/5/20,31.6,595.1,15689.7,13738.6
8/6/20,31.9,601.3,15833.0,13862.7
8/7/20,32.0,599.9,15852.7,13907.4
8/10/20,32.4,610.7,15932.0,14013.1
8/11/20,32.7,613.9,16006.0,14047.1
8/12/20,32.8,616.8,15986.0,14037.7
8/13/20,33.1,620.6,15981.7,14077.2
8/14/20,32.7,615.3,15809.2,13935.9
8/17/20,32.9,620.1,15906.3,14017.1
8/18/20,33.3,624.9,16101.9,14189.9
8/19/20,33.4,628.4,16135.9,14237.0
8/20/20,33.5,629.3,15999.9,14171.0
8/21/20,33.8,633.7,16083.8,14254.4
8/24/20,33.9,634.1,16218.0,14367.5
8/25/20,34.1,635.3,16226.2,14384.0
8/26/20,34.2,637.9,16339.4,14474.1
8/27/20,34.3,639.3,16353.1,14494.8
8/28/20,34.7,646.3,16478.0,14586.3
8/31/20,33.6,624.2,16110.1,14179.3
9/1/20,33.8,628.5,16227.1,14285.5
9/2/20,34.1,632.9,16322.2,14403.0
9/3/20,34.0,631.0,16312.0,14427.9
9/4/20,33.2,616.7,16038.1,14190.8
9/7/20,33.2,615.9,16068.1,14192.6
9/8/20,32.8,610.1,16014.7,14118.1
9/9/20,32.5,603.9,15959.0,14058.3
9/10/20,32.9,613.0,16201.4,14255.4
9/11/20,33.0,614.3,16222.9,14295.1
9/14/20,33.1,613.3,16189.1,14366.6
9/15/20,33.4,619.6,16304.8,14488.3
9/16/20,33.5,621.9,16421.9,14578.1
9/17/20,33.2,617.5,16296.8,14479.8
9/18/20,33.2,618.9,16281.0,14468.9
9/21/20,32.2,600.2,15921.0,14096.2
9/22/20,32.0,593.8,15783.9,13946.3
9/23/20,31.7,590.7,15753.0,13916.7
9/24/20,30.7,570.2,15291.3,13538.9
9/25/20,31.5,585.8,15637.5,13858.8
9/28/20,32.1,599.6,15888.4,14122.4
9/29/20,31.9,594.2,15881.2,14106.5
9/30/20,31.7,591.6,15916.7,14139.8
10/1/20,32.1,599.9,16156.4,14321.3
10/5/20,32.4,602.6,16278.7,14404.0
10/6/20,32.6,605.8,16503.8,14564.5
10/7/20,32.6,603.0,16612.0,14613.2
10/8/20,32.7,605.3,16747.5,14699.9
10/9/20,33.0,613.1,16860.1,14757.9
10/12/20,33.0,611.7,16883.8,14750.7
10/13/20,32.9,609.4,16888.9,14737.3
10/14/20,32.9,609.6,16944.7,14780.6
10/15/20,32.2,595.1,16533.2,14457.6
10/16/20,32.5,602.4,16649.5,14573.0
10/19/20,32.9,612.4,16806.0,14698.7
10/20/20,33.0,612.4,16839.6,14734.6
10/21/20,33.3,618.0,16897.4,14770.3
10/22/20,33.4,618.8,16840.5,14753.7
10/23/20,33.6,622.4,16903.0,14816.1
10/26/20,33.0,612.5,16672.6,14615.2
10/27/20,33.1,616.2,16845.0,14767.8
10/28/20,32.7,608.2,16623.1,14595.0
10/29/20,32.5,604.3,16544.4,14539.3
10/30/20,32.5,604.9,16504.2,14521.6
11/2/20,32.8,613.0,16542.1,14543.3
11/3/20,33.2,622.3,16746.8,14695.6
11/4/20,33.3,623.9,16888.7,14803.6
11/5/20,34.1,638.5,17189.0,15063.3
11/6/20,34.3,641.4,17392.1,15212.1
11/9/20,35.0,652.2,17672.3,15428.8
11/10/20,35.5,661.9,17913.4,15569.4
11/11/20,35.9,673.8,18080.8,15702.4
11/12/20,35.8,670.2,17998.1,15682.0
11/13/20,35.9,674.6,18039.4,15749.7
11/14/20,35.9,674.6,18124.9,15830.3
11/16/20,35.9,674.6,18124.9,15830.3
11/17/20,36.6,683.3,18258.2,15957.3
11/18/20,36.8,688.8,18349.0,16055.6
11/19/20,36.4,680.8,18112.8,15887.8
11/20/20,36.5,683.6,18236.7,16013.8
11/23/20,36.6,686.5,18332.3,16129.5
11/24/20,36.9,693.9,18514.8,16277.7
11/25/20,36.4,688.4,18235.8,16037.1
11/26/20,36.8,695.5,18418.2,16187.4
11/27/20,36.8,692.6,18392.5,16255.6
11/30/20,36.8,692.6,18392.5,16255.6
12/1/20,37.3,702.9,18591.3,16431.8
12/2/20,37.5,706.7,18597.9,16466.7
12/3/20,37.8,716.7,18626.5,16520.4
12/4/20,38.2,726.6,18803.3,16649.8
12/7/20,38.8,737.6,18941.2,16788.3
12/8/20,38.8,736.2,18993.9,16816.3
12/9/20,39.0,741.9,19186.9,16956.6
12/10/20,38.9,738.1,19115.0,16896.1
12/11/20,39.0,745.5,19165.3,16941.8
12/14/20,39.3,754.4,19228.2,17008.3
12/15/20,39.2,750.3,19241.9,17021.4
12/16/20,39.6,753.3,19404.8,17167.2
12/17/20,39.6,750.9,19491.3,17210.0
12/18/20,39.7,754.8,19519.4,17223.0
12/21/20,38.1,718.0,18906.4,16630.4
12/22/20,38.5,729.5,19102.1,16799.5
12/23/20,39.2,740.1,19293.3,17026.8
12/24/20,39.6,749.5,19503.4,17178.0
12/28/20,40.0,758.1,19679.2,17344.0
12/29/20,40.1,759.6,19763.5,17393.0
12/30/20,40.1,759.5,19833.5,17457.7
12/31/20,40.2,759.9,19833.2,17470.8
1/1/21,40.4,764.5,19885.4,17556.6
1/4/21,41.0,774.7,20047.6,17733.9
1/5/21,41.1,777.6,20142.1,17848.1
1/6/21,41.1,779.9,20066.6,17803.9
1/7/21,41.3,783.0,20054.0,17846.7
1/8/21,41.6,791.7,20351.7,18088.6
1/11/21,42.0,795.1,20546.7,18211.3
1/12/21,42.4,805.4,20658.3,18290.0
1/13/21,42.7,814.7,20660.3,18263.9
1/14/21,42.7,818.9,20706.1,18308.3
1/15/21,42.3,811.2,20476.4,18098.5
1/18/21,41.8,794.4,20260.2,17863.3
1/19/21,42.4,808.5,20600.4,18175.3
1/20/21,42.7,813.9,20775.7,18321.7
1/21/21,42.4,803.7,20700.0,18227.9
1/22/21,41.8,790.0,20390.6,17983.3
1/25/21,41.3,785.6,20201.9,17815.2
1/27/21,40.5,773.3,19818.3,17516.9
1/28/21,40.3,772.0,19605.6,17359.8
1/29/21,39.9,763.5,19346.0,17147.3
1/31/21,39.9,763.5,19346.0,17147.3
2/1/21,41.8,801.8,20263.4,17857.1
2/2/21,42.9,825.7,20783.7,18286.9
2/3/21,43.3,838.8,20985.3,18470.2
2/4/21,43.7,853.4,21135.3,18640.6
2/5/21,44.0,858.3,21175.9,18631.6
2/8/21,44.6,871.6,21447.6,18876.9
2/9/21,44.6,868.1,21440.4,18867.9
2/10/21,44.5,866.5,21436.4,18896.0
2/11/21,44.7,866.1,21536.0,18993.4
2/12/21,44.6,864.4,21521.8,18984.9
2/15/21,45.1,877.1,21739.7,19174.5
2/16/21,45.1,877.7,21737.9,19197.7
2/17/21,45.2,880.7,21595.8,19127.1
2/18/21,45.3,888.7,21468.1,19079.0
2/19/21,44.6,872.0,21273.3,18886.3
2/22/21,43.7,852.8,20853.1,18551.8
2/23/21,44.1,860.8,20898.8,18629.8
2/24/21,44.9,873.7,21288.3,18920.7
2/25/21,45.5,888.8,21452.2,19091.9
2/26/21,44.1,861.1,20644.9,18504.9
2/28/21,44.1,861.1,20644.9,18504.9
3/1/21,44.6,873.5,20975.1,18788.8
3/2/21,45.1,884.5,21198.9,19018.3
3/3/21,46.0,898.3,21662.9,19391.2
3/4/21,45.6,888.5,21428.6,19275.8
3/5/21,44.9,874.8,21225.9,19048.3
3/8/21,45.3,887.0,21255.1,19080.7
3/9/21,45.2,884.3,21457.2,19169.3
3/10/21,45.4,889.0,21565.7,19282.4
3/11/21,45.4,889.0,21565.7,19282.4
3/12/21,45.0,884.0,21361.3,19134.3
3/15/21,44.8,880.8,21220.6,19009.2
3/16/21,44.7,878.9,21193.5,19013.1
3/17/21,43.9,861.0,20924.6,18720.1
3/18/21,43.3,849.6,20692.3,18500.4
3/19/21,43.8,859.2,20956.9,18713.4
3/22/21,43.8,858.0,20947.7,18751.5
3/23/21,43.9,861.3,21061.5,18873.0
3/24/21,43.0,843.3,20684.3,18538.4
3/25/21,42.4,829.1,20366.4,18229.3
3/26/21,43.0,837.4,20625.8,18465.8
3/29/21,43.0,837.4,20625.8,18465.8
3/30/21,43.8,848.7,21106.1,18830.0
3/31/21,43.6,847.7,20886.5,18717.2
4/1/21,44.2,861.0,21137.7,18968.6
4/5/21,43.5,844.1,20811.6,18694.8
4/6/21,43.6,845.3,20876.6,18785.2
4/7/21,44.0,854.4,21069.3,18972.6
4/8/21,44.0,855.4,21149.6,19065.8
4/9/21,43.9,852.5,21094.2,19044.2
4/12/21,42.0,814.0,20349.0,18279.1
4/13/21,42.6,830.5,20624.9,18526.2
4/14/21,42.6,830.5,20624.9,18526.2
4/15/21,42.8,833.8,20733.9,18603.7
4/16/21,42.9,837.7,20785.6,18695.6
4/19/21,42.1,821.6,20418.2,18359.5
4/20/21,42.0,822.0,20328.6,18327.5
4/21/21,42.0,822.0,20328.6,18327.5
4/22/21,42.4,826.7,20484.6,18444.7
4/23/21,42.4,827.3,20392.4,18404.5
4/26/21,42.8,836.0,20596.7,18573.7
4/27/21,43.4,844.9,20835.7,18795.2
4/28/21,43.9,854.6,21136.4,19031.4
4/29/21,43.9,852.0,21186.3,19058.2
4/30/21,43.4,847.0,20811.1,18802.0
5/3/21,43.5,846.9,20815.4,18849.0
5/4/21,43.2,843.9,20619.6,18704.8
5/5/21,43.6,857.3,20792.2,18876.0
5/6/21,43.8,860.6,20944.4,19011.2
5/7/21,44.2,867.8,21084.3,19104.2
5/10/21,44.6,883.9,21253.8,19266.7
5/11/21,44.7,891.8,21123.5,19225.1
5/12/21,44.3,887.8,20904.1,19066.5
5/13/21,44.3,887.8,20904.1,19066.5
5/14/21,44.1,880.3,20877.6,18966.5
5/17/21,44.8,893.6,21226.5,19270.5
5/18/21,45.2,901.3,21489.6,19524.7
5/19/21,45.1,902.4,21378.7,19478.9
5/20/21,44.8,897.4,21202.2,19368.5
5/21/21,45.6,913.4,21585.2,19644.4
5/24/21,45.9,919.7,21617.0,19712.2
5/25/21,45.9,920.2,21639.0,19717.3
5/26/21,46.1,920.5,21771.3,19807.3
5/27/21,46.3,925.3,21823.1,19874.3
5/28/21,46.4,925.2,21962.3,19952.3
5/31/21,46.9,932.0,22203.6,20138.1
6/1/21,46.9,930.6,22192.3,20113.8
6/2/21,47.0,936.4,22194.2,20211.0
6/3/21,47.3,942.4,22361.9,20376.1
6/4/21,47.3,943.7,22333.2,20396.7
6/7/21,47.5,954.5,22449.2,20527.3
6/8/21,47.5,954.3,22432.8,20553.0
6/9/21,47.3,951.0,22283.5,20400.6
6/10/21,47.7,958.1,22448.9,20596.6
6/11/21,47.8,959.5,22544.3,20672.3
6/14/21,47.8,959.1,22567.1,20661.0
6/15/21,48.0,959.3,22649.1,20742.8
6/16/21,47.7,955.1,22503.9,20595.1
6/17/21,47.4,945.7,22401.7,20470.4
6/18/21,47.2,936.2,22390.1,20411.7
6/21/21,47.5,940.5,22480.3,20518.1
6/22/21,47.6,942.2,22517.7,20571.4
6/23/21,47.3,938.1,22395.3,20468.1
6/24/21,47.5,939.4,22544.3,20537.6
6/25/21,48.0,948.5,22644.1,20646.1
6/28/21,47.8,947.7,22578.9,20636.4
6/29/21,47.7,943.4,22493.6,20564.6
6/30/21,47.6,944.1,22455.7,20552.2
7/1/21,47.5,942.3,22396.4,20524.1
7/2/21,47.7,947.2,22456.7,20585.6
7/5/21,48.1,954.8,22619.0,20726.4
7/6/21,48.0,948.8,22595.9,20709.6
7/7/21,48.3,950.3,22683.7,20796.3
7/8/21,47.8,942.2,22473.8,20651.6
7/9/21,47.8,941.4,22420.4,20645.0
7/12/21,47.8,943.2,22424.4,20677.4
7/13/21,48.2,952.5,22595.5,20799.3
7/14/21,48.3,956.3,22656.8,20849.7
7/15/21,48.5,958.5,22762.3,20944.0
7/16/21,48.6,958.4,22761.2,20977.9
7/19/21,48.2,955.2,22516.7,20791.9
7/20/21,47.5,943.8,22344.8,20602.8
7/21/21,47.5,943.8,22344.8,20602.8
7/22/21,48.1,956.1,22621.4,20871.1
7/23/21,48.3,959.5,22673.3,20900.6
7/26/21,48.3,957.9,22628.2,20882.5
7/27/21,48.2,951.7,22518.8,20785.8
7/28/21,48.3,950.4,22472.9,20742.9
7/29/21,48.7,956.4,22576.3,20845.2
7/30/21,48.6,958.7,22554.3,20876.6
8/2/21,48.9,966.6,22730.4,21060.2
8/3/21,49.6,976.9,23081.9,21298.0
8/4/21,49.8,980.4,23265.1,21344.4
8/5/21,49.9,977.7,23319.5,21365.7
8/6/21,49.6,975.5,23238.8,21324.8
8/9/21,49.5,971.3,23269.1,21296.2
8/10/21,49.5,963.7,23300.4,21232.0
8/11/21,49.6,962.8,23303.9,21208.2
8/12/21,50.0,968.9,23424.0,21355.8
8/13/21,50.5,974.1,23659.8,21499.0
8/16/21,50.5,971.1,23708.4,21507.3
8/17/21,50.5,966.5,23784.1,21573.2
8/18/21,50.3,963.2,23718.6,21547.1
8/19/21,50.3,963.2,23718.6,21547.1
8/20/21,49.7,945.0,23549.1,21315.6
8/23/21,49.8,943.1,23615.6,21296.0
8/24/21,50.3,954.9,23799.1,21499.0
8/25/21,50.4,957.2,23813.4,21545.5
8/26/21,50.4,954.7,23816.7,21566.4
8/27/21,50.7,961.0,23914.5,21697.3
8/30/21,51.4,978.6,24237.8,22011.3
8/31/21,52.1,987.1,24525.7,22253.6
9/1/21,52.1,987.5,24445.6,22246.8
9/2/21,52.5,992.0,24674.1,22452.0
9/3/21,52.6,998.2,24802.2,22566.7
9/6/21,52.7,998.5,24879.8,22637.9
9/7/21,52.6,995.2,24857.3,22604.9
9/8/21,52.7,999.4,24855.5,22641.4
9/9/21,52.9,1000.7,24878.1,22691.7
9/10/21,52.9,1000.7,24878.1,22691.7
9/13/21,52.9,1001.9,24858.1,22717.0
9/14/21,53.0,1007.6,24893.5,22797.3
9/15/21,53.7,1023.8,25093.2,22975.2
9/16/21,54.1,1033.0,25250.9,23106.1
9/17/21,53.7,1027.0,25187.3,22987.8
9/20/21,53.1,1010.8,24917.7,22681.8
9/21/21,53.6,1015.4,25154.2,22865.1
9/22/21,53.8,1020.4,25132.2,22932.9
9/23/21,54.6,1036.1,25527.9,23261.8
9/24/21,54.5,1030.0,25571.2,23241.3
9/27/21,54.6,1033.1,25574.0,23236.8
9/28/21,54.1,1038.2,25421.5,23094.8
9/29/21,54.3,1051.3,25368.0,23081.5
9/30/21,54.2,1047.0,25234.6,23029.1
10/1/21,54.0,1044.3,25111.3,22969.9
10/4/21,54.8,1056.7,25339.3,23225.6
10/5/21,55.2,1064.1,25527.0,23377.1
10/6/21,54.6,1050.5,25274.5,23154.3
10/7/21,55.1,1058.8,25481.3,23392.4
10/8/21,55.3,1060.8,25631.4,23507.2
10/11/21,55.7,1074.6,25704.1,23603.3
10/12/21,55.7,1077.2,25770.0,23685.8
10/13/21,56.3,1088.9,26013.2,23914.5
10/14/21,56.9,1101.5,26268.8,24126.9
10/15/21,56.9,1101.5,26268.8,24126.9
10/18/21,57.0,1113.2,26467.2,24305.7
10/19/21,56.5,1101.9,26383.7,24109.4
10/20/21,56.3,1094.1,26165.8,23820.0
10/21/21,56.2,1098.0,26042.6,23698.4
10/22/21,55.9,1087.9,25952.0,23563.8
10/25/21,55.9,1089.9,25967.0,23463.9
10/26/21,56.3,1099.4,26196.1,23731.7
10/27/21,56.2,1099.5,26113.6,23708.7
10/28/21,55.1,1070.7,25607.0,23259.7
10/29/21,54.5,1062.8,25340.8,23101.0
11/1/21,55.6,1076.9,25710.8,23432.0
11/2/21,55.7,1078.9,25655.5,23452.9
11/3/21,55.6,1079.0,25569.9,23404.3
11/4/21,55.6,1079.0,25695.5,23548.5
11/5/21,55.6,1079.0,25695.5,23548.5
11/8/21,56.4,1094.3,25913.1,23768.5
11/9/21,56.6,1097.5,25878.3,23803.7
11/10/21,56.5,1095.0,25839.5,23772.0
11/11/21,56.0,1086.5,25639.3,23608.3
11/12/21,56.7,1092.0,25968.0,23865.6
11/15/21,56.5,1086.9,25977.6,23886.5
11/16/21,56.0,1078.3,25819.5,23783.6
11/17/21,55.8,1076.3,25675.2,23677.2
11/18/21,55.2,1066.0,25483.2,23443.8
11/19/21,55.2,1066.0,25483.2,23443.8
11/22/21,54.0,1040.5,24990.3,22948.8
11/23/21,54.7,1052.9,25114.8,23150.3
11/24/21,54.6,1052.9,24988.2,23057.8
11/25/21,54.9,1057.1,25162.1,23217.4
11/26/21,53.0,1026.2,24430.5,22537.9
11/29/21,52.7,1019.9,24470.0,22460.1
11/30/21,52.6,1019.9,24368.5,22447.7
12/1/21,53.2,1031.1,24632.1,22656.7
12/2/21,53.8,1040.5,24968.9,22946.7
12/3/21,53.4,1034.9,24674.8,22766.5
12/6/21,52.6,1022.4,24266.7,22401.8
12/7/21,53.4,1036.9,24646.2,22733.0
12/8/21,54.4,1053.3,25066.6,23098.9
12/9/21,54.6,1058.8,25134.2,23180.7
12/10/21,54.6,1060.2,25126.2,23224.2
12/13/21,54.3,1055.3,24921.0,23085.1
12/14/21,54.1,1056.4,24858.8,23052.9
12/15/21,53.8,1049.2,24710.3,22914.8
12/16/21,53.7,1046.1,24749.0,22889.3
12/17/21,52.8,1026.7,24371.4,22489.3
12/20/21,51.4,998.2,23839.0,21918.5
12/21/21,52.0,1008.3,24063.8,22164.8
12/22/21,52.6,1022.1,24336.6,22442.9
12/23/21,52.8,1031.0,24504.8,22614.2
12/24/21,52.6,1022.0,24406.0,22481.3
12/27/21,52.7,1025.6,24524.4,22577.6
12/28/21,53.2,1036.7,24735.3,22792.7
12/29/21,53.1,1034.3,24707.1,22785.8
12/30/21,53.1,1033.3,24693.3,22754.6
12/31/21,53.6,1041.1,24908.7,22990.9
1/3/22,54.4,1057.0,25298.6,23310.4
1/4/22,54.9,1068.0,25556.3,23485.4
1/5/22,55.1,1074.8,25728.6,23604.5
1/6/22,54.8,1070.1,25471.2,23441.5
1/7/22,54.9,1071.9,25567.1,23531.1
1/10/22,55.5,1087.8,25840.6,23756.4
1/11/22,55.8,1089.2,25915.9,23810.1
1/12/22,56.4,1099.3,26140.7,24020.7
1/13/22,56.6,1106.3,26205.9,24102.2
1/14/22,56.6,1108.8,26203.0,24116.5
1/17/22,56.6,1112.6,26278.1,24194.8
1/18/22,55.9,1100.0,25998.1,23875.7
1/19/22,55.6,1101.0,25749.8,23722.9
1/20/22,55.2,1096.3,25493.0,23554.4
1/21/22,54.7,1078.1,25292.7,23278.3
1/24/22,53.1,1055.2,24620.7,22560.2
1/25/22,54.1,1073.9,24805.8,22744.5
1/27/22,53.7,1072.3,24564.8,22510.8
1/28/22,53.8,1073.9,24553.0,22577.6
1/31/22,54.7,1089.9,24894.6,22881.6
2/1/22,55.4,1095.9,25234.9,23180.4
2/2/22,56.0,1105.3,25526.6,23452.5
2/3/22,55.5,1097.0,25217.2,23215.3
2/4/22,55.3,1089.4,25154.1,23138.7
2/7/22,54.5,1078.6,24719.4,22809.5
2/8/22,54.5,1076.8,24795.8,22788.9
2/9/22,55.0,1088.6,25084.6,23037.2
2/10/22,55.4,1095.6,25290.4,23186.4
2/11/22,54.6,1083.5,24958.4,22847.6
2/14/22,52.7,1047.0,24209.4,22103.7
2/15/22,54.2,1073.5,24941.9,22726.8
2/16/22,54.1,1069.5,24904.7,22706.7
2/17/22,54.1,1064.7,24879.3,22682.5
2/18/22,54.0,1063.2,24838.7,22588.4
2/21/22,53.7,1056.0,24746.6,22419.8
2/22/22,53.2,1044.8,24582.1,22255.0
2/23/22,53.1,1044.7,24540.4,22282.6
2/24/22,50.5,994.7,23367.8,21159.7
2/25/22,51.9,1024.4,23958.1,21793.5
2/28/22,52.1,1036.3,24153.0,21978.7
3/1/22,52.1,1036.3,24153.0,21978.7
3/2/22,51.5,1031.4,23882.7,21812.5
3/3/22,51.3,1029.6,23727.5,21714.5
3/4/22,50.5,1014.8,23364.1,21341.5
3/7/22,49.4,995.4,22814.4,20836.2
3/8/22,50.1,1005.5,23030.6,21055.2
3/9/22,51.2,1020.4,23507.9,21477.7
3/10/22,51.8,1031.1,23866.8,21799.5
3/11/22,51.9,1036.9,23918.0,21874.0
3/14/22,52.7,1047.3,24264.3,22085.2
3/15/22,52.2,1037.2,23964.7,21841.3
3/16/22,53.2,1054.6,24414.0,22250.1
3/17/22,53.9,1069.8,24862.3,22618.8
3/18/22,53.9,1069.8,24862.3,22618.8
3/21/22,53.4,1062.5,24618.5,22437.3
3/22/22,54.0,1070.5,24903.1,22624.2
3/23/22,54.0,1067.7,24802.7,22579.9
3/24/22,53.9,1070.2,24769.8,22586.9
3/25/22,53.8,1067.4,24669.4,22513.9
3/28/22,54.1,1072.2,24768.7,22551.7
3/29/22,54.5,1074.3,24917.6,22684.1
3/30/22,55.0,1080.7,25166.3,22892.8
3/31/22,55.0,1081.8,25118.1,22889.1
4/1/22,55.7,1102.7,25413.9,23185.4
4/4/22,56.8,1121.4,25964.7,23642.6
4/5/22,56.6,1121.6,25829.1,23653.8
4/6/22,56.5,1124.4,25613.7,23557.6
4/7/22,56.1,1121.9,25371.9,23362.9
4/8/22,56.6,1133.8,25580.2,23579.9
4/11/22,56.2,1132.2,25422.8,23553.9
4/12/22,55.7,1119.3,25214.8,23306.9
4/13/22,55.6,1120.1,25136.1,23266.7
4/14/22,55.6,1120.1,25136.1,23266.7
4/18/22,54.7,1117.1,24701.8,22940.1
4/19/22,53.9,1109.3,24392.5,22634.0
4/20/22,54.1,1112.5,24648.4,22824.1
4/21/22,54.8,1124.4,25017.7,23137.7
4/22/22,54.2,1111.6,24700.4,22893.2
4/25/22,53.4,1088.8,24386.8,22552.6
4/26/22,54.1,1103.4,24741.9,22899.0
4/27/22,53.8,1092.7,24508.3,22680.3
4/28/22,54.4,1103.9,24811.8,22926.7
4/29/22,54.0,1090.9,24606.8,22726.0
5/2/22,54.0,1089.7,24558.6,22653.7
5/3/22,54.0,1089.7,24558.6,22653.7
5/4/22,52.7,1067.7,23995.3,22126.5
5/5/22,52.9,1070.0,24002.6,22130.4
5/6/22,52.2,1060.5,23612.2,21746.4
5/9/22,51.7,1051.5,23454.7,21509.7
5/10/22,51.4,1039.5,23365.8,21301.1
5/11/22,51.2,1032.9,23260.8,21171.8
5/12/22,50.2,1011.6,22766.5,20714.0
5/13/22,50.1,1007.4,22729.3,20723.7
5/16/22,50.3,1015.8,22815.9,20877.0
5/17/22,51.6,1042.5,23416.5,21423.0
5/18/22,51.3,1038.3,23389.1,21411.0
5/19/22,50.1,1017.9,22768.5,20845.9
5/20/22,51.4,1043.6,23426.4,21375.4
5/23/22,51.2,1042.2,23352.2,21284.6
5/24/22,51.0,1034.7,23223.3,21148.4
5/25/22,50.6,1029.5,23096.6,20913.0
5/26/22,51.2,1041.8,23322.7,21131.3
5/27/22,51.8,1048.8,23585.6,21363.3
5/30/22,53.0,1066.6,24031.3,21797.3
5/31/22,52.9,1068.4,23958.1,21765.8
6/1/22,52.9,1069.6,23868.8,21709.5
6/2/22,53.0,1076.1,24020.9,21841.2
6/3/22,52.7,1069.5,23957.7,21702.6
6/6/22,52.6,1066.4,23936.4,21666.2
6/7/22,52.2,1062.8,23715.1,21483.6
6/8/22,52.1,1061.3,23628.3,21408.5
6/9/22,52.3,1067.4,23807.8,21551.0
6/10/22,51.6,1056.4,23408.6,21250.3
6/13/22,50.2,1025.8,22791.1,20687.8
6/14/22,50.2,1025.2,22730.0,20644.2
6/15/22,50.2,1023.0,22691.5,20646.8
6/16/22,49.1,999.8,22212.0,20197.0
6/17/22,48.9,997.3,22115.0,20052.3
6/20/22,48.8,987.8,22199.1,19985.8
6/21/22,50.0,1012.8,22616.5,20435.5
6/22/22,49.3,1000.4,22290.5,20136.4
6/23/22,49.9,1007.7,22497.7,20339.2
6/24/22,50.4,1015.6,22703.9,20561.0
6/27/22,50.9,1026.7,22896.0,20749.4
6/28/22,51.1,1029.7,22922.2,20779.9
6/29/22,51.0,1028.3,22848.3,20708.3
6/30/22,50.8,1027.4,22828.9,20667.3
7/1/22,51.1,1027.1,22788.2,20678.1
7/4/22,51.6,1034.8,22914.2,20802.8
7/5/22,51.6,1032.2,22878.7,20787.3
7/6/22,52.2,1040.7,23137.7,21048.9
7/7/22,52.8,1052.5,23345.6,21257.8
7/8/22,53.1,1061.3,23473.6,21355.4
7/11/22,53.1,1062.8,23468.1,21446.8
7/12/22,52.6,1054.8,23239.9,21281.1
7/13/22,52.4,1050.1,23107.5,21200.9
7/14/22,52.2,1046.1,23074.5,21171.2
7/15/22,52.5,1051.8,23234.5,21306.9
7/18/22,53.2,1068.3,23566.5,21607.0
7/19/22,53.4,1075.6,23659.8,21714.2
7/20/22,54.0,1084.4,23920.9,21888.9
7/21/22,54.4,1091.9,24058.2,22064.8
7/22/22,54.7,1094.5,24223.6,22165.1
7/25/22,54.7,1093.7,24095.5,22077.1
7/26/22,54.2,1085.5,23882.3,21864.2
7/27/22,54.7,1098.0,24114.4,22053.7
7/28/22,55.5,1108.8,24531.4,22374.3
7/29/22,56.1,1123.1,24862.7,22678.3
8/1/22,56.7,1135.3,25128.6,22960.6
8/2/22,56.7,1138.5,25137.8,23008.7
8/3/22,56.7,1138.0,25202.4,23012.7
8/4/22,56.7,1134.4,25193.4,23036.0
8/5/22,56.7,1136.4,25215.9,23048.3
8/8/22,57.1,1145.7,25413.3,23200.0
8/9/22,57.1,1145.7,25413.3,23200.0
8/10/22,57.1,1147.1,25431.9,23191.7
8/11/22,57.8,1159.0,25621.1,23369.3
8/12/22,57.9,1163.5,25678.8,23440.4
8/16/22,58.5,1169.4,25863.2,23657.0
8/17/22,58.8,1176.2,26035.9,23809.9
8/18/22,58.9,1176.2,26067.3,23858.8
8/19/22,58.1,1165.2,25785.4,23602.4
8/22/22,57.3,1151.2,25396.6,23238.9
8/23/22,57.7,1158.8,25522.6,23376.6
8/24/22,57.9,1160.4,25562.5,23454.0
8/25/22,57.7,1158.5,25442.7,23392.7
8/26/22,57.8,1165.2,25495.6,23465.3
8/29/22,57.0,1151.3,25138.4,23194.6
8/30/22,58.4,1175.4,25786.6,23740.4
8/31/22,58.4,1175.4,25786.6,23740.4
9/1/22,58.1,1167.9,25472.2,23564.7
9/2/22,58.3,1169.9,25467.4,23550.1
9/5/22,58.8,1177.0,25650.8,23693.8
9/6/22,58.7,1179.9,25636.0,23722.7
9/7/22,58.7,1181.7,25590.7,23732.8
9/8/22,59.1,1190.8,25843.9,23921.0
9/9/22,59.2,1193.4,25894.1,23962.6
9/12/22,59.5,1200.0,26043.7,24133.1
9/13/22,60.0,1205.5,26237.8,24276.4
9/14/22,60.0,1203.8,26141.5,24215.8
9/15/22,59.8,1201.9,25958.1,24139.9
9/16/22,58.5,1181.2,25454.9,23618.8
9/19/22,58.8,1185.5,25587.6,23696.7
9/20/22,59.5,1195.7,25869.3,23971.1
9/21/22,59.3,1188.8,25727.1,23802.3
9/22/22,59.1,1182.3,25598.6,23763.4
9/23/22,58.0,1161.5,25159.4,23333.3
9/26/22,56.8,1139.2,24707.8,22818.9
9/27/22,56.9,1137.9,24694.8,22821.3
9/28/22,56.3,1128.5,24478.8,22656.0
9/29/22,56.4,1130.1,24420.0,22628.0
9/30/22,57.3,1144.3,24821.1,22979.4
10/3/22,56.8,1135.9,24520.5,22683.8
10/4/22,58.1,1159.5,25082.4,23190.9
10/5/22,58.1,1159.5,25082.4,23190.9
10/6/22,58.4,1168.9,25165.8,23326.1
10/7/22,58.4,1165.4,25141.0,23300.8
10/10/22,58.0,1161.5,25034.0,23169.0
10/11/22,57.2,1146.0,24660.2,22813.0
10/12/22,57.8,1154.4,24863.6,22980.4
10/13/22,57.3,1146.9,24704.9,22826.0
10/14/22,57.7,1155.8,24953.8,22957.4
10/17/22,58.1,1164.9,25139.6,23100.2
10/18/22,58.8,1180.2,25393.9,23333.2
10/19/22,58.9,1178.2,25434.1,23354.0
10/20/22,58.9,1182.7,25509.1,23421.4
10/21/22,58.8,1186.7,25527.1,23373.4
10/24/22,58.8,1186.7,25751.4,23555.8
10/25/22,59.2,1203.0,25643.3,23492.9
10/26/22,59.2,1203.0,25643.3,23492.9
10/27/22,59.5,1209.9,25780.2,23638.8
10/28/22,59.3,1208.4,25852.7,23634.8
10/31/22,60.1,1220.0,26182.4,23919.8
11/1/22,60.5,1227.7,26381.0,24098.8
11/2/22,60.5,1222.4,26290.0,24037.1
11/3/22,60.3,1222.7,26246.2,24017.7
11/4/22,60.4,1222.5,26339.9,24089.4
11/7/22,60.8,1234.3,26464.4,24220.3
11/8/22,60.8,1234.3,26464.4,24220.3
11/9/22,60.7,1232.4,26401.6,24148.3
11/10/22,60.2,1223.8,26214.3,23950.9
11/11/22,61.0,1238.2,26681.8,24275.4
11/14/22,60.8,1235.0,26651.9,24277.1
11/15/22,61.0,1240.9,26759.8,24345.0
11/16/22,60.9,1245.0,26768.9,24297.7
11/17/22,60.7,1241.7,26673.3,24195.6
11/18/22,60.4,1236.9,26620.6,24124.3
11/21/22,60.0,1232.4,26405.9,23974.0
11/22/22,60.3,1239.0,26528.4,24060.5
11/23/22,60.4,1242.9,26561.9,24105.4
11/24/22,61.1,1256.2,26877.2,24326.9
11/25/22,61.4,1258.2,26918.9,24398.9
11/28/22,61.5,1260.6,26991.6,24487.6
11/29/22,61.5,1263.2,27072.0,24531.1
11/30/22,62.0,1270.4,27276.0,24738.5
12/1/22,62.2,1274.8,27354.7,24828.2
12/2/22,62.0,1271.4,27185.4,24765.4
12/5/22,61.9,1272.8,27192.6,24771.2
12/6/22,61.7,1265.9,27107.9,24702.4
12/7/22,61.6,1262.2,26988.3,24608.0
12/8/22,62.0,1270.2,27059.3,24684.2
12/9/22,61.6,1260.7,26895.3,24531.6
12/12/22,61.8,1263.4,26896.2,24555.3
12/13/22,62.0,1271.3,27057.3,24674.0
12/14/22,62.2,1275.0,27133.4,24766.0
12/15/22,61.5,1261.7,26776.6,24486.8
12/16/22,61.0,1249.6,26564.5,24258.0
12/19/22,61.4,1258.0,26784.7,24442.4
12/20/22,61.2,1255.1,26733.5,24397.4
12/21/22,60.4,1240.7,26462.8,24089.2
12/22/22,59.9,1233.2,26358.4,23940.2
12/23/22,58.7,1211.3,25892.3,23342.1
12/26/22,59.7,1231.7,26194.5,23734.0
12/27/22,60.2,1238.0,26365.7,23919.8
12/28/22,60.2,1237.8,26351.4,23942.2
12/29/22,60.3,1245.4,26451.0,24023.5
12/30/22,60.2,1239.8,26326.4,23967.1
1/2/23,60.5,1247.2,26460.4,24083.1
1/3/23,60.6,1250.4,26511.4,24136.8
1/4/23,59.9,1237.8,26235.7,23881.1
1/5/23,59.9,1237.6,26161.8,23870.5
1/6/23,59.6,1230.3,25968.9,23693.3
1/9/23,60.4,1245.3,26320.4,23969.7
1/10/23,59.9,1234.0,26048.5,23775.9
1/11/23,60.0,1232.4,26021.6,23738.9
1/12/23,59.9,1233.2,25967.1,23705.2
1/13/23,60.1,1239.9,26110.2,23808.3
1/16/23,59.9,1236.8,26020.4,23745.2
1/17/23,60.2,1242.2,26250.8,23886.0
1/18/23,60.6,1247.6,26413.7,23994.9
1/19/23,60.5,1248.1,26333.6,23924.6
1/20/23,60.4,1247.0,26216.9,23813.2
1/23/23,60.7,1254.0,26349.1,23899.0
1/24/23,60.6,1250.0,26349.3,23876.7
1/25/23,59.7,1231.5,26020.1,23541.2
1/27/23,58.9,1211.5,25601.9,23080.1
1/30/23,59.0,1212.1,25666.7,23048.3
1/31/23,59.3,1222.0,25685.9,23175.1
2/1/23,59.4,1212.0,25619.2,23038.8
2/2/23,59.5,1213.3,25610.7,23026.2
2/3/23,60.1,1226.2,25965.0,23217.6
2/6/23,60.0,1225.0,25834.9,23174.1
2/7/23,59.8,1222.2,25772.2,23125.0
2/8/23,60.2,1227.6,25993.3,23322.6
2/9/23,60.3,1228.5,26024.9,23325.4
2/10/23,60.2,1226.6,25971.2,23304.1
2/13/23,59.9,1219.6,25846.7,23125.4
2/14/23,60.3,1224.6,26077.9,23231.8
2/15/23,60.6,1231.9,26220.4,23352.3
2/16/23,60.6,1240.3,26249.5,23420.9
2/17/23,60.4,1232.4,26116.1,23298.3
2/20/23,60.2,1227.0,25971.2,23197.0
2/21/23,60.1,1226.2,25945.1,23159.0
2/22/23,59.3,1210.8,25548.7,22830.3
2/23/23,59.3,1210.0,25486.0,22775.8
2/24/23,59.1,1208.3,25420.1,22719.8
2/27/23,58.8,1206.4,25313.7,22592.9
2/28/23,58.6,1199.7,25184.5,22546.3
3/1/23,59.1,1211.1,25398.4,22773.3
3/2/23,58.8,1204.6,25210.7,22652.7
3/3/23,59.6,1219.8,25607.1,22944.0
3/6/23,60.0,1227.3,25777.6,23109.0
3/7/23,60.0,1227.3,25777.6,23109.0
3/8/23,60.3,1231.2,25840.1,23173.0
3/9/23,59.9,1224.2,25600.2,22989.7
3/10/23,59.3,1213.6,25343.1,22797.0
3/13/23,58.4,1197.0,24966.7,22447.0
3/14/23,58.2,1191.6,24805.1,22298.0
3/15/23,57.9,1187.3,24701.6,22238.8
3/16/23,58.0,1188.3,24721.5,22254.7
3/17/23,58.4,1197.8,24888.1,22395.3
3/20/23,57.9,1188.5,24725.6,22234.5
3/21/23,58.4,1194.6,24899.0,22380.9
3/22/23,58.5,1196.0,24963.6,22456.5
3/23/23,58.3,1189.8,24854.4,22368.8
3/24/23,57.8,1184.0,24662.5,22176.1
3/27/23,57.7,1184.5,24721.7,22150.8
3/28/23,57.6,1180.0,24672.2,22071.7
3/29/23,58.2,1191.1,24859.9,22279.7
3/30/23,58.2,1191.1,24859.9,22279.7
3/31/23,59.1,1207.8,25266.1,22609.5
4/3/23,59.2,1211.4,25321.8,22678.0
4/4/23,59.2,1211.4,25321.8,22678.0
4/5/23,59.7,1215.1,25553.3,22844.9
4/6/23,59.8,1216.8,25614.6,22922.2
4/10/23,59.9,1222.2,25650.7,22971.0
4/11/23,60.1,1227.8,25793.8,23090.3
4/12/23,60.3,1232.1,25924.9,23205.7
4/13/23,60.4,1230.7,25950.4,23227.1
4/14/23,60.4,1230.7,25950.4,23227.1
4/17/23,60.2,1221.8,25774.1,23149.6
4/18/23,60.1,1222.7,25706.1,23138.2
4/19/23,60.0,1217.4,25645.8,23075.9
4/20/23,60.1,1219.7,25654.2,23083.4
4/21/23,60.0,1218.7,25654.8,23061.5
4/24/23,60.5,1227.4,25828.5,23190.5
4/25/23,60.6,1230.6,25866.1,23230.2
4/26/23,60.9,1234.9,25930.7,23290.3
4/27/23,61.2,1241.5,26078.4,23415.7
4/28/23,61.8,1249.0,26302.9,23643.9
5/1/23,61.8,1249.0,26302.9,23643.9
5/2/23,62.2,1255.5,26423.3,23770.1
5/3/23,62.2,1253.9,26339.1,23732.3
5/4/23,62.7,1262.8,26580.8,23932.9
5/5/23,62.2,1251.2,26308.8,23735.8
5/8/23,63.0,1263.5,26593.3,23966.4
5/9/23,63.0,1261.9,26595.5,23956.4
5/10/23,63.2,1265.4,26667.1,24027.2
5/11/23,63.2,1267.4,26640.8,24055.2
5/12/23,63.3,1266.9,26666.7,24045.0
5/15/23,63.7,1275.6,26789.0,24157.4
5/16/23,63.5,1274.6,26679.7,24100.9
5/17/23,63.4,1269.4,26526.8,23998.2
5/18/23,63.3,1264.6,26451.3,23897.4
5/19/23,63.4,1268.9,26560.1,23970.7
5/22/23,63.4,1274.2,26722.0,24120.7
5/23/23,63.5,1275.5,26771.1,24184.1
5/24/23,63.4,1272.9,26679.7,24139.6
5/25/23,63.6,1273.6,26731.9,24200.9
5/26/23,64.3,1281.6,26991.9,24421.0
5/29/23,64.5,1287.0,27136.8,24538.7
5/30/23,64.8,1289.6,27188.2,24580.9
5/31/23,64.7,1289.5,27057.4,24538.1
6/1/23,64.6,1288.3,26989.3,24528.9
6/2/23,64.9,1294.8,27080.9,24622.8
6/5/23,65.2,1303.9,27168.1,24698.0
6/6/23,65.3,1306.4,27175.7,24727.4
6/7/23,65.8,1314.6,27361.8,24927.8
6/8/23,65.5,1311.1,27227.6,24794.5
6/9/23,65.4,1312.0,27126.9,24728.8
6/12/23,65.5,1317.2,27182.6,24809.9
6/13/23,66.0,1320.4,27350.1,24995.4
6/14/23,66.1,1323.3,27408.1,25051.7
6/15/23,65.9,1321.1,27317.3,25016.5
6/16/23,66.4,1333.2,27519.4,25210.1
6/19/23,66.2,1330.8,27422.9,25152.8
6/20/23,66.5,1334.7,27512.4,25242.9
6/21/23,66.6,1336.3,27571.1,25307.4
6/22/23,66.1,1329.8,27446.0,25151.7
6/23/23,65.6,1321.3,27291.4,24951.4
6/26/23,65.8,1324.9,27328.9,25036.5
6/27/23,66.3,1333.3,27513.4,25188.3
6/28/23,66.8,1339.7,27739.6,25365.6
6/29/23,66.8,1339.7,27739.6,25365.6
6/30/23,67.6,1353.1,28059.7,25605.8
7/3/23,68.0,1359.5,28254.9,25758.6
7/4/23,68.1,1361.1,28352.0,25802.4
7/5/23,68.2,1362.1,28366.0,25866.8
7/6/23,68.6,1372.8,28510.4,26019.5
7/7/23,68.2,1365.7,28269.4,25819.7
7/10/23,68.2,1361.3,28304.7,25803.0
7/11/23,68.7,1371.3,28429.4,25951.8
7/12/23,68.7,1368.0,28348.9,25941.0
7/13/23,68.6,1367.4,28393.3,25915.2
7/14/23,69.1,1376.1,28618.6,26140.1
7/17/23,69.6,1382.3,28833.5,26306.4
7/18/23,69.6,1383.7,28888.8,26306.4
7/19/23,70.1,1389.4,29011.6,26433.7
7/20/23,70.5,1396.1,29231.7,26576.7
7/21/23,70.1,1387.5,28890.5,26363.8
7/24/23,70.0,1392.0,28784.3,26302.9
7/25/23,70.1,1395.5,28796.3,26352.6
7/26/23,70.4,1399.1,28939.3,26474.9
7/27/23,70.2,1399.3,28769.0,26390.1
7/28/23,70.4,1403.8,28752.7,26439.9
7/31/23,70.8,1413.6,28910.4,26612.5
8/1/23,70.8,1415.0,28880.8,26600.7
8/2/23,69.9,1398.5,28589.8,26308.2
8/3/23,69.5,1391.6,28383.3,26177.0
8/4/23,70.1,1398.4,28582.3,26362.9
8/7/23,70.2,1405.4,28699.8,26465.6
8/8/23,70.3,1410.7,28661.1,26454.6
8/9/23,70.7,1416.3,28770.0,26551.2
8/10/23,70.5,1410.4,28638.9,26451.5
8/11/23,70.3,1405.8,28482.4,26335.9
8/14/23,70.1,1403.4,28494.8,26285.2
8/16/23,70.3,1408.5,28539.4,26328.2
8/17/23,70.1,1406.3,28393.2,26249.5
8/18/23,69.9,1400.7,28316.3,26183.4
8/21/23,70.3,1406.1,28448.8,26337.0
8/22/23,70.6,1408.5,28453.0,26420.7
8/23/23,70.9,1419.0,28522.8,26491.1
8/24/23,70.9,1416.7,28438.7,26459.9
8/25/23,70.2,1406.0,28261.3,26289.9
8/28/23,70.4,1411.7,28320.4,26375.0
8/29/23,70.6,1416.6,28374.0,26456.4
8/30/23,70.9,1417.0,28381.1,26521.5
8/31/23,70.7,1414.9,28243.7,26451.8
9/1/23,71.4,1430.8,28509.9,26687.2
9/4/23,71.7,1440.3,28647.2,26853.6
9/5/23,71.9,1440.2,28714.8,26964.8
9/6/23,72.0,1442.6,28767.8,27015.6
9/7/23,72.6,1450.9,28938.0,27173.3
9/8/23,73.1,1459.9,29074.2,27333.0
9/11/23,73.7,1468.9,29333.0,27592.6
9/12/23,73.0,1455.2,29328.4,27291.4
9/13/23,73.1,1463.1,29441.0,27394.9
9/14/23,73.4,1468.7,29489.6,27515.0
9/15/23,73.6,1477.4,29620.5,27613.0
9/18/23,73.5,1476.1,29533.9,27531.8
9/19/23,73.5,1476.1,29533.9,27531.8
9/20/23,72.8,1462.9,29193.7,27275.3
9/21/23,72.0,1447.8,28960.4,27047.5
9/22/23,72.0,1441.8,28860.5,26981.1
9/25/23,71.9,1439.6,28860.9,26999.4
9/26/23,72.0,1438.1,28846.5,27006.0
9/27/23,72.2,1438.9,28922.4,27107.4
9/28/23,72.2,1438.9,28639.4,26840.8
9/29/23,72.3,1442.5,28807.8,27031.7
10/3/23,72.2,1437.8,28647.0,26972.0
10/4/23,71.5,1424.9,28511.1,26766.8
10/5/23,71.9,1431.9,28672.0,26880.4
10/6/23,72.3,1435.9,28830.1,27033.3
10/9/23,71.5,1426.5,28623.0,26773.9
10/10/23,72.3,1442.3,28883.3,27048.5
10/11/23,72.6,1447.0,29061.6,27211.1
10/12/23,72.8,1445.6,29036.2,27230.4
10/13/23,72.6,1441.8,28973.1,27184.5
10/16/23,72.7,1445.8,28944.9,27188.7
10/17/23,73.0,1452.2,29061.8,27305.5
10/18/23,72.4,1447.3,28855.9,27112.1
10/19/23,72.2,1443.4,28790.9,27061.5
10/20/23,71.7,1437.1,28674.8,26905.2
10/23/23,70.5,1417.6,28292.0,26404.8
10/24/23,70.5,1417.6,28292.0,26404.8
10/25/23,70.0,1403.0,28079.3,26217.6
10/26/23,69.2,1389.3,27690.3,25896.3
10/27/23,70.0,1405.4,27969.9,26225.9
10/30/23,70.2,1410.3,28107.4,26320.7
10/31/23,70.1,1409.2,28017.4,26281.8
11/1/23,69.9,1403.3,27886.2,26176.3
11/2/23,70.5,1414.6,28105.8,26428.3
11/3/23,71.0,1426.0,28253.1,26603.2
11/6/23,71.7,1434.4,28519.3,26852.9
11/7/23,71.7,1439.7,28511.8,26897.9
11/8/23,71.9,1441.6,28565.9,27010.8
11/9/23,71.6,1445.2,28495.1,26947.4
11/10/23,71.7,1449.0,28539.2,27007.3
11/12/23,71.7,1449.0,28686.5,27170.8
11/13/23,71.9,1449.1,28565.9,27105.1
11/14/23,71.9,1449.1,28565.9,27105.1
11/15/23,72.5,1463.7,28906.7,27402.2
11/16/23,72.7,1474.4,29044.7,27539.2
11/17/23,72.6,1473.2,28995.5,27551.7
11/20/23,72.5,1473.9,28940.0,27510.1
11/21/23,72.7,1478.8,29071.4,27594.9
11/22/23,72.6,1478.9,29113.2,27595.7
11/23/23,72.7,1474.9,29098.7,27614.1
11/24/23,72.7,1480.9,29087.9,27621.9
11/27/23,72.7,1480.9,29087.9,27621.9
11/28/23,73.1,1487.4,29227.6,27775.8
11/29/23,73.7,1502.7,29531.6,28029.8
11/30/23,74.0,1514.0,29585.4,28161.2
12/1/23,74.7,1525.7,29783.3,28360.6
12/4/23,76.0,1558.0,30398.9,28882.2
12/5/23,76.4,1569.3,30646.2,29101.4
12/6/23,76.8,1569.5,30767.6,29244.6
12/7/23,77.1,1572.9,30713.9,29281.9
12/8/23,77.3,1584.1,30814.2,29281.3
12/11/23,77.6,1585.8,30854.9,29385.8
12/12/23,77.3,1578.0,30721.6,29255.2
12/13/23,77.7,1586.3,30750.9,29356.4
12/14/23,78.6,1600.3,31127.6,29704.9
12/15/23,79.4,1614.5,31530.2,29973.0
12/18/23,79.5,1611.7,31474.3,29989.4
12/19/23,79.6,1615.0,31525.0,30010.8
12/20/23,77.9,1587.3,31079.8,29400.6
12/21/23,78.4,1594.5,31233.9,29654.7
12/22/23,78.7,1600.3,31372.6,29831.5
12/26/23,78.9,1613.6,31507.7,29978.9
12/27/23,79.6,1624.6,31821.3,30210.8
12/28/23,80.1,1635.6,32003.5,30370.9
12/29/23,80.2,1629.7,31933.9,30417.8
12/31/23,80.2,1629.7,31933.9,30417.8
1/1/24,80.4,1630.7,31949.4,30481.0
1/2/24,80.4,1625.2,31837.6,30400.9
1/3/24,80.1,1626.5,31619.4,30320.7
1/4/24,80.9,1639.9,31827.0,30593.3
1/5/24,81.1,1645.4,31903.7,30670.5
1/8/24,80.4,1633.3,31613.0,30399.9
1/9/24,80.6,1639.4,31659.8,30465.4
1/10/24,80.9,1645.8,31768.3,30556.7
1/11/24,81.1,1645.7,31810.2,30660.8
1/12/24,81.8,1656.4,32173.7,30913.2
1/15/24,82.2,1670.7,32471.8,31132.3
1/16/24,82.1,1662.7,32376.1,31041.5
1/17/24,80.5,1636.1,31699.6,30509.3
1/18/24,80.2,1633.2,31538.4,30395.3
1/19/24,81.1,1648.4,31787.2,30703.2
1/20/24,81.1,1648.4,31712.9,30696.2
1/22/24,81.1,1648.4,31712.9,30696.2
1/23/24,79.3,1629.8,31223.3,30077.0
1/24/24,80.3,1647.8,31540.1,30460.2
1/25/24,80.1,1633.5,31391.1,30369.6
1/29/24,81.5,1652.9,31957.1,30868.9
1/30/24,80.8,1648.8,31640.2,30654.1
1/31/24,81.5,1667.2,31939.6,31011.2
2/1/24,81.4,1674.6,31898.1,30972.6
2/2/24,81.8,1679.1,32127.9,31181.9
2/5/24,81.5,1675.7,32007.2,31092.9
2/6/24,82.3,1687.2,32242.6,31378.0
2/7/24,83.0,1686.7,32244.2,31497.1
2/8/24,82.6,1682.5,31950.3,31317.6
2/9/24,82.9,1683.7,32048.4,31279.7
2/12/24,81.6,1669.2,31803.5,30831.8
2/13/24,82.2,1685.7,31990.6,31000.8
2/14/24,82.8,1696.1,32133.0,31219.4
2/15/24,83.2,1706.6,32244.8,31403.7
2/16/24,83.5,1717.3,32441.3,31609.3
2/19/24,83.7,1722.1,32561.3,31728.7
2/20/24,84.1,1732.9,32675.5,31781.7
2/21/24,83.8,1722.0,32466.7,31557.5
2/22/24,84.5,1732.5,32705.7,31802.4
2/23/24,84.7,1735.6,32698.7,31849.6
2/26/24,84.5,1731.6,32565.3,31759.2
2/27/24,84.6,1736.7,32677.6,31817.3
2/28/24,83.6,1719.6,32313.7,31390.1
2/29/24,84.1,1718.9,32360.3,31499.3
3/1/24,85.4,1738.4,32884.3,31906.6
3/2/24,85.4,1738.4,32942.6,32018.7
3/4/24,85.8,1743.8,32982.7,32035.5
3/5/24,85.9,1747.4,32910.1,31957.1
3/6/24,85.8,1754.3,33083.4,31953.9
3/7/24,86.2,1754.2,33112.1,32040.6
3/8/24,86.2,1754.2,33112.1,32040.6
3/11/24,85.4,1751.1,32875.3,31811.7
3/12/24,85.1,1740.3,32879.7,31627.7
3/13/24,83.4,1710.3,32382.2,30804.3
3/14/24,84.1,1721.2,32601.5,31227.8
3/15/24,83.7,1712.8,32420.4,31085.1
3/18/24,84.0,1715.9,32468.0,31113.8
3/19/24,83.2,1700.5,32117.3,30749.5
3/20/24,83.4,1699.9,32149.2,30783.2
3/21/24,84.5,1716.0,32403.6,31199.4
3/22/24,84.9,1726.5,32528.4,31353.2
3/25/24,84.9,1726.5,32528.4,31353.2
3/26/24,85.0,1723.9,32392.9,31369.9
3/27/24,85.4,1727.3,32568.0,31499.3
3/28/24,86.2,1740.4,32867.2,31763.3
3/31/24,86.2,1740.4,32867.2,31763.3
4/1/24,87.1,1755.7,33066.1,32135.6
4/2/24,87.2,1757.7,33053.3,32256.7
4/3/24,87.4,1759.8,33025.8,32313.0
4/4/24,87.6,1763.5,33143.6,32405.6
4/5/24,87.9,1768.9,33142.2,32484.7
4/8/24,88.4,1776.6,33366.9,32647.9
4/9/24,88.4,1778.9,33332.2,32603.3
4/10/24,88.6,1783.6,33495.6,32798.6
4/11/24,88.6,1783.6,33495.6,32798.6
4/12/24,87.9,1767.6,33150.6,32532.4
4/15/24,86.7,1750.4,32787.1,32114.1
4/16/24,86.5,1747.0,32603.7,32026.7
4/17/24,86.5,1747.0,32603.7,32026.7
4/18/24,86.0,1736.4,32379.9,31872.5
4/19/24,86.6,1747.5,32602.4,31967.6
4/22/24,87.4,1761.6,32881.2,32265.1
4/23/24,87.6,1767.3,32927.7,32387.1
4/24/24,87.7,1777.6,32978.4,32509.4
4/25/24,88.6,1794.9,33225.6,32724.6
4/26/24,88.2,1787.1,33004.2,32679.9
4/29/24,89.1,1798.7,33333.1,32919.6
4/30/24,89.1,1798.3,33276.4,32927.4
5/1/24,89.1,1798.3,33276.4,32927.4
5/2/24,89.3,1799.8,33340.2,33063.0
5/3/24,88.7,1793.9,33086.5,32868.9
5/6/24,88.3,1794.2,33037.7,32720.6
5/7/24,87.8,1774.7,32837.7,32365.3
5/8/24,87.9,1779.7,32837.6,32473.4
5/9/24,86.4,1760.3,32329.7,31908.5
5/10/24,87.0,1767.3,32522.6,32132.2
5/13/24,87.2,1777.1,32594.6,32198.0
5/14/24,87.6,1781.8,32762.4,32469.9
5/15/24,87.8,1791.2,32736.9,32561.5
5/16/24,88.7,1814.7,33046.2,32860.9
5/17/24,89.1,1818.6,33138.0,33073.6
5/18/24,89.1,1818.6,33191.0,33199.1
5/20/24,89.1,1818.6,33191.0,33199.1
5/21/24,89.5,1829.6,33230.8,33266.9
5/22/24,89.9,1832.9,33349.8,33357.2
5/23/24,91.0,1856.9,33895.7,33752.7
5/24/24,90.9,1861.2,33881.8,33744.5
5/27/24,90.8,1861.9,33845.4,33759.0
5/28/24,90.4,1856.9,33780.0,33593.2
5/29/24,89.7,1843.6,33509.2,33387.4
5/30/24,89.0,1833.9,33190.4,33045.3
5/31/24,89.4,1837.4,33285.9,33168.2
6/3/24,92.4,1882.9,34369.1,34259.2
6/4/24,86.3,1786.0,32353.5,31956.2
6/5/24,89.1,1842.0,33441.4,33105.0
6/6/24,90.1,1864.5,33738.6,33593.4
6/7/24,91.9,1892.2,34431.6,34221.8
6/10/24,92.0,1899.1,34385.8,34291.1
6/11/24,92.1,1899.6,34402.0,34365.1
6/12/24,92.6,1906.4,34487.9,34536.9
6/13/24,93.0,1910.2,34600.2,34715.6
6/14/24,93.7,1916.6,34710.7,34943.9
6/17/24,93.7,1916.6,34710.7,34943.9
6/18/24,93.8,1926.8,34847.2,35127.1
6/19/24,93.6,1930.4,34786.6,34963.4
6/20/24,93.9,1936.8,34873.1,35096.0
6/21/24,93.6,1938.3,34779.9,34991.9
6/24/24,93.7,1942.4,34834.3,35075.1
6/25/24,94.4,1959.4,35105.8,35204.3
6/26/24,94.6,1960.6,35324.1,35308.4
6/27/24,95.1,1967.0,35585.6,35467.6
6/28/24,94.9,1958.1,35539.2,35507.0
6/30/24,94.9,1958.1,35539.2,35507.0
7/1/24,95.7,1967.1,35733.6,35771.6
7/2/24,95.6,1963.9,35706.8,35693.2
7/3/24,96.4,1979.0,35947.5,35966.2
7/4/24,96.7,1987.8,35970.6,36066.1
7/5/24,96.8,1987.3,36009.6,36187.0
7/8/24,96.9,1984.9,36004.7,36161.2
7/9/24,97.3,1997.2,36173.9,36314.8
7/10/24,97.0,1992.4,36012.8,36174.0
7/11/24,97.1,1992.5,36000.3,36217.5
7/12/24,97.4,2000.9,36278.7,36362.3
7/15/24,97.8,2007.9,36403.9,36542.6
7/16/24,97.5,2009.7,36445.8,36536.7
7/17/24,97.5,2009.7,36445.8,36536.7
7/18/24,97.7,2016.0,36723.9,36546.2
7/19/24,96.4,2001.1,36328.6,35989.8
7/22/24,96.7,2002.1,36296.6,36130.3
7/23/24,96.5,1997.7,36257.5,36011.8
7/24/24,96.8,2000.4,36160.4,36101.2
7/25/24,96.7,1993.3,36149.4,36094.8
7/26/24,98.3,2021.8,36784.5,36686.8
7/29/24,98.5,2018.9,36786.3,36848.0
7/30/24,98.7,2017.1,36820.5,36923.2
7/31/24,99.0,2024.0,36959.5,37066.1
8/1/24,99.2,2026.2,37049.7,37029.5
8/2/24,98.4,2009.0,36624.5,36647.2
8/5/24,95.7,1964.2,35646.4,35519.5
8/6/24,95.2,1957.2,35554.1,35364.1
8/7/24,96.6,1979.2,36020.8,36012.3
8/8/24,95.9,1974.7,35753.1,35786.6
8/9/24,96.7,1987.3,36126.2,36133.4
8/12/24,96.4,1992.2,36119.4,36135.5
8/13/24,95.4,1979.1,35810.8,35804.7
8/14/24,95.4,1977.6,35817.9,35754.3
8/16/24,96.9,2003.9,36415.9,36366.0
8/19/24,97.1,2001.5,36473.9,36503.9
8/20/24,97.6,2010.9,36661.2,36726.6
8/21/24,97.8,2017.5,36767.2,36866.4
8/22/24,98.0,2024.0,36828.5,36980.5
8/23/24,97.9,2021.5,36849.0,36949.7
8/26/24,98.6,2034.1,37127.3,37175.6
8/27/24,98.9,2040.5,37137.9,37243.6
8/28/24,98.8,2042.6,37189.3,37261.1
8/29/24,98.9,2044.7,37337.1,37285.6
8/30/24,99.4,2059.8,37461.7,37449.9
8/31/24,99.4,2059.8,37461.7,37449.9
9/2/24,99.5,2063.8,37525.3,37491.2
9/3/24,99.7,2068.7,37527.0,37535.1
9/4/24,99.2,2069.4,37406.6,37472.7
9/5/24,99.4,2067.3,37327.0,37494.8
9/6/24,98.1,2047.7,36892.1,37045.7
9/9/24,98.5,2051.5,37017.1,37084.6
9/10/24,99.2,2066.8,37172.6,37307.9
9/11/24,98.8,2061.9,36990.5,37130.7
9/12/24,100.2,2091.3,37688.9,37724.2
9/13/24,100.1,2088.3,37640.8,37757.9
9/16/24,100.1,2090.8,37681.2,37821.0
9/17/24,100.1,2096.2,37732.9,37824.5
9/18/24,100.0,2094.0,37672.0,37712.1
9/19/24,99.9,2094.6,37728.8,37642.3
9/20/24,101.0,2121.1,38285.7,38179.3
9/23/24,101.6,2136.3,38505.5,38472.3
9/24/24,101.7,2134.6,38507.6,38488.9
9/25/24,102.0,2143.5,38602.2,38460.3
9/26/24,102.7,2154.1,38916.8,38658.6
9/27/24,102.7,2147.8,38861.6,38646.9
9/30/24,101.4,2121.4,38315.2,38261.4
10/1/24,101.4,2124.0,38294.5,38302.5
10/3/24,99.5,2083.5,37482.8,37488.5
10/4/24,98.7,2071.5,37133.3,37140.5
10/7/24,97.4,2051.1,36808.4,36583.5
10/8/24,98.6,2066.0,37131.1,37105.2
10/9/24,99.0,2080.4,37084.8,37242.5
10/10/24,99.3,2083.1,37109.3,37240.3
10/11/24,99.1,2078.9,37058.5,37261.2
10/14/24,99.7,2087.6,37301.5,37444.0
10/15/24,99.6,2090.4,37196.7,37457.6
10/16/24,99.6,2085.2,37069.0,37358.9
10/17/24,98.6,2062.9,36740.3,36891.5
10/18/24,98.9,2079.0,36898.3,36994.0
10/21/24,98.4,2072.9,36789.9,36714.0
10/22/24,96.8,2048.3,36335.5,36008.1
10/23/24,96.8,2046.2,36281.1,36050.2
10/24/24,96.6,2048.7,36227.5,35966.1
10/25/24,95.7,2040.7,35902.9,35510.9
10/28/24,96.0,2046.0,36138.0,35749.3
10/29/24,96.9,2057.8,36352.6,35992.9
10/30/24,96.5,2042.5,36165.4,35921.8
10/31/24,96.4,2043.1,35971.1,35831.0
11/1/24,96.4,2043.1,36118.3,36042.9
11/4/24,95.6,2034.5,35659.1,35561.8
11/5/24,96.4,2054.7,35983.0,35816.9
11/6/24,97.6,2073.6,36393.9,36377.6
11/7/24,96.8,2059.2,35972.7,36023.7
11/8/24,96.4,2050.7,35896.7,35771.6
11/11/24,96.6,2051.5,35886.4,35685.9
11/12/24,95.4,2027.0,35503.1,35275.4
11/13/24,93.9,1999.1,35020.9,34618.1
11/14/24,94.0,2005.4,34988.5,34699.4
11/15/24,94.0,2005.4,34988.5,34699.4
11/18/24,93.8,1997.0,34871.2,34599.1
11/19/24,94.1,2003.4,34968.0,34766.5
11/20/24,94.1,2003.4,34968.0,34766.5
11/21/24,93.5,2026.7,34717.3,34476.6
11/22/24,95.4,2026.7,35546.0,35116.0
11/25/24,96.9,2050.9,36013.9,35635.2
11/26/24,96.8,2051.1,35973.1,35649.5
11/27/24,97.2,2055.0,36092.6,35853.8
11/28/24,96.2,2030.8,35556.3,35573.8
11/29/24,96.7,2051.0,35878.8,35847.4
11/30/24,96.7,2051.0,35878.8,35847.4
12/2/24,97.1,2059.3,36094.4,36082.6
12/3/24,98.2,2070.6,36363.6,36374.9
12/4/24,98.7,2072.5,36378.9,36499.3
12/5/24,99.4,2086.6,36737.2,36781.3
12/6/24,99.7,2087.1,36691.7,36835.2
12/9/24,99.5,2083.0,36604.3,36803.4
12/10/24,99.5,2084.6,36591.0,36839.6
12/11/24,99.6,2083.4,36638.1,36907.9
12/12/24,99.2,2075.0,36499.8,36747.2
12/13/24,99.8,2087.1,36826.3,36909.2
12/16/24,99.8,2086.5,36677.5,36899.0
12/17/24,98.9,2069.9,36183.5,36493.3
12/18/24,98.2,2059.6,35979.6,36238.4
12/19/24,97.4,2047.2,35612.1,35950.4
12/20/24,95.8,2017.9,35070.6,35266.6
12/23/24,96.2,2027.8,35317.4,35413.4
12/24/24,96.1,2024.4,35279.0,35401.0
12/26/24,96.2,2028.3,35312.5,35444.8
12/27/24,96.2,2033.5,35406.5,35468.3
12/30/24,95.7,2024.4,35155.9,35329.0
12/31/24,95.7,2026.2,35155.8,35357.9
1/1/25,96.1,2033.1,35301.6,35526.1
1/2/25,97.6,2060.7,35964.4,36060.1
1/3/25,97.2,2046.5,35691.0,35883.7
1/6/25,95.3,2020.5,35113.0,35120.9
1/7/25,95.7,2027.4,35249.6,35304.6
1/8/25,95.4,2015.5,35221.4,35131.0
1/9/25,94.6,2006.4,34979.9,34838.3
1/10/25,93.7,1987.7,34838.7,34447.1
1/13/25,91.9,1963.3,34324.9,33569.2
1/14/25,92.6,1970.2,34458.9,33944.7
1/15/25,92.9,1970.7,34514.1,34055.5
1/16/25,93.6,1983.6,34660.7,34313.8
1/17/25,93.4,1969.0,34531.2,34278.1
1/20/25,93.6,1981.5,34741.9,34481.7
1/21/25,91.9,1956.6,34265.6,33887.7
1/22/25,91.9,1960.2,34460.0,33829.9
1/23/25,92.3,1961.4,34534.5,34053.7
1/24/25,91.5,1946.6,34366.0,33707.3
1/27/25,90.0,1926.2,33974.6,33062.3
1/28/25,90.2,1940.1,34165.2,33084.2
1/29/25,91.5,1958.9,34474.8,33593.2
1/30/25,91.7,1965.0,34603.4,33676.1
1/31/25,92.9,1977.7,34998.0,34130.9
2/1/25,92.9,1977.7,34958.9,34132.2
2/3/25,92.4,1977.3,34778.7,33849.5
2/4/25,93.9,1998.7,35341.6,34363.7
2/5/25,93.9,1999.6,35277.7,34454.0
2/6/25,93.5,1998.9,35143.1,34279.6
2/7/25,93.3,2002.2,35091.5,34246.8
2/10/25,92.2,1987.6,34825.9,33812.2
2/11/25,90.5,1957.7,34364.4,33146.3
2/12/25,90.3,1954.9,34344.9,33091.1
2/13/25,90.4,1958.0,34324.3,33086.8
2/14/25,89.6,1941.8,34172.4,32659.9
2/17/25,89.6,1948.3,34217.5,32691.2
2/18/25,89.5,1946.6,34196.3,32627.8
2/19/25,90.0,1955.1,34177.8,32817.7
2/20/25,90.3,1956.7,34148.4,32975.9
2/21/25,89.8,1946.6,33973.6,32753.5
2/24/25,88.9,1933.5,33612.2,32402.4
2/25/25,88.8,1932.9,33603.6,32323.8
2/26/25,88.8,1932.9,33603.6,32323.8
2/27/25,88.4,1924.8,33599.8,32160.5
2/28/25,86.9,1891.7,32973.4,31473.4
3/3/25,87.0,1891.8,32965.3,31498.8
3/4/25,87.2,1889.0,32910.6,31531.9
3/5/25,88.3,1912.2,33290.2,32068.0
3/6/25,89.2,1927.0,33599.3,32369.7
3/7/25,89.1,1924.4,33611.3,32364.2
3/10/25,88.6,1916.4,33473.9,32084.2
3/11/25,88.5,1917.4,33531.7,32142.2
3/12/25,88.4,1915.5,33490.9,32081.8
3/13/25,88.1,1909.0,33381.6,31942.3
3/14/25,88.1,1909.0,33381.6,31942.3
3/17/25,88.7,1923.9,33547.9,32120.0
3/18/25,90.3,1951.2,34033.1,32704.0
3/19/25,91.0,1963.6,34142.4,33033.1
3/20/25,91.7,1981.6,34564.2,33358.7
3/21/25,92.5,2000.4,34802.3,33681.8
3/24/25,93.8,2026.1,35261.3,34100.1
3/25/25,93.5,2026.4,35276.6,33941.3
3/26/25,92.7,2010.4,35005.7,33685.6
3/27/25,93.4,2017.7,35162.3,33895.5
3/28/25,92.9,2014.5,35054.1,33787.6
3/31/25,92.9,2014.5,35054.1,33787.6
4/1/25,91.7,1994.1,34527.0,33362.0
4/2/25,92.4,2008.0,34775.4,33670.6
4/3/25,92.2,2007.0,34652.8,33635.6
4/4/25,90.4,1983.3,34137.6,32942.1
4/7/25,87.8,1924.5,33030.5,31834.3
4/8/25,89.2,1953.5,33588.3,32428.3
4/9/25,88.6,1943.9,33384.6,32231.9
4/10/25,88.6,1943.9,33384.6,32231.9
4/11/25,90.1,1976.9,34024.5,32859.1
4/14/25,90.1,1976.9,34024.5,32859.1
4/15/25,92.3,2019.0,34769.7,33692.8
4/16/25,92.9,2031.6,34931.7,33890.7
4/17/25,94.1,2060.5,35549.4,34329.6
4/21/25,95.4,2089.2,35957.6,34842.9
4/22/25,95.6,2095.0,36019.8,34968.7
4/23/25,96.2,2102.4,36260.7,35210.3
4/24/25,96.1,2095.7,36138.2,35120.1
4/25/25,94.9,2075.4,35829.2,34594.1
4/28/25,96.0,2096.2,36266.4,34999.5
4/29/25,96.1,2092.4,36277.5,35016.4
4/30/25,95.8,2097.1,36274.9,34886.1
5/1/25,95.8,2097.1,36274.9,34886.1
5/2/25,95.9,2092.1,36293.5,34848.3
5/5/25,96.6,2094.3,36464.1,35147.9
5/6/25,95.6,2083.5,36342.6,34770.1
5/7/25,96.0,2092.3,36394.5,34953.8
5/8/25,95.1,2076.5,36184.8,34590.6
5/9/25,94.3,2055.9,35789.6,34326.4
5/12/25,97.9,2121.2,37156.3,35650.0
5/13/25,97.1,2106.9,36639.9,35393.9
5/14/25,97.6,2113.5,36771.9,35632.3
5/15/25,98.9,2136.8,37361.1,36090.6
5/16/25,99.2,2137.0,37318.1,36232.6
5/19/25,99.1,2138.1,37207.3,36224.5
5/20/25,97.9,2119.5,36817.1,35780.6
5/21/25,98.6,2127.4,37010.4,36010.7
5/22/25,97.9,2118.8,36706.4,35797.0
5/23/25,98.9,2136.6,37069.6,36092.9
5/26/25,99.7,2142.4,37290.3,36294.5
5/27/25,99.2,2130.2,37029.3,36149.6
5/28/25,99.1,2125.1,36943.4,36105.4
5/29/25,99.4,2132.6,37066.3,36236.4
5/30/25,99.2,2125.7,36972.5,36160.3
5/31/25,99.2,2125.7,36972.5,36160.3
6/2/25,99.3,2124.0,36921.6,36211.9
6/3/25,98.7,2112.6,36674.7,36024.4
6/4/25,99.2,2115.5,36805.1,36185.8
6/5/25,99.7,2122.4,37000.5,36386.8
6/6/25,100.6,2142.5,37377.4,36753.8
6/9/25,101.3,2156.4,37527.1,37016.3
6/10/25,101.2,2153.9,37531.8,37033.0
6/11/25,101.3,2156.2,37587.3,37030.1
6/12/25,100.0,2137.1,37209.1,36568.4
6/13/25,99.4,2124.3,36957.4,36348.2
6/16/25,100.1,2142.6,37298.1,36648.2
6/17/25,99.8,2136.2,37158.9,36468.7
6/18/25,99.7,2134.7,37097.1,36379.4
6/19/25,99.3,2130.9,37069.0,36123.4
6/20/25,100.4,2152.7,37546.9,36565.8
6/23/25,99.9,2145.9,37343.9,36507.7
6/24/25,100.5,2155.7,37452.2,36687.6
6/25/25,101.2,2168.6,37751.9,36979.2
6/26/25,102.1,2184.2,38206.9,37329.5
6/27/25,102.6,2193.5,38398.2,37526.7
6/30/25,102.4,2184.5,38217.3,37522.4
7/1/25,102.3,2184.4,38254.4,37519.7
7/2/25,101.8,2178.2,38122.0,37411.4
7/3/25,101.5,2172.3,38050.0,37371.0
7/4/25,101.8,2177.9,38142.9,37443.2
7/7/25,101.8,2177.8,38145.3,37426.5
7/8/25,102.0,2178.4,38239.4,37462.0
7/9/25,102.0,2180.0,38169.9,37438.2
7/10/25,101.8,2174.3,37990.4,37302.4
7/11/25,101.3,2167.9,37684.1,37005.0
7/14/25,101.1,2171.5,37582.8,37047.2
7/15/25,101.4,2178.1,37752.9,37270.1
7/16/25,101.6,2179.1,37780.9,37309.4
7/17/25,101.4,2175.4,37630.2,37225.7
7/18/25,100.9,2158.2,37435.7,37010.3
7/21/25,101.4,2170.9,37619.1,37174.7
7/22/25,101.3,2168.0,37574.4,37083.1
7/23/25,101.8,2179.8,37812.8,37254.9
7/24/25,101.3,2170.9,37579.0,37054.6